nombre_imagen,nombre_avenida,calzada,tramo_id,pci_clase
-jSpRjlkJE66_ghzBsTj-A_atras.jpg,Bertello,Ida,UM-36,Poor
5H9doH3RR_aIcq-NboNa3Q_adelante.jpg,Nestor_Gambetta,Ida,48,Poor
ObVMEEqRfT2mOVtiIbMFag_atras.jpg,Republica_de_Polonia,Ida,UM-10,Poor
H_TkQApvTheYJNefBl2_KQ_atras.jpg,San_Juan,Ida,U-04,Poor
QoJ3ZYJL82ViOZehesE1ug_adelante.jpg,Nestor_Gambetta,Ida,17,Poor
_KEMO1d59yN-M7MwEJ1drQ_adelante.jpg,Republica_de_Polonia,Vuelta,UM-19,Good
8NXhk5IRHh2YFtFVO2bOXw_atras.jpg,La_Revolucion,Ida,UM 30,Poor
NsIVUy5DaPmnS8gXB5greg_adelante.jpg,Marañon,Ida,UM11,Poor
mjdz3rWpCYJhrOHzszsIbQ_adelante.jpg,Nestor_Gambetta,Vuelta,37,Fair
iwtb_Vd4kGsedy4fgQT6fQ_atras.jpg,Nestor_Gambetta,Ida,5,Fair
9rfq4x0rPlP2Rz3fkw9qwg_adelante.jpg,La_Revolucion,Ida,UM 25,Poor
xW9Yds7cy07LkuvxytfAZA_atras.jpg,Nestor_Gambetta,Vuelta,25,Fair
NR3_Qqffqch9xn15PkRaAw_adelante.jpg,Nestor_Gambetta,Ida,1,Fair
Wf-C2Wh5SrnyJqb0B1t2hQ_atras.jpg,Nestor_Gambetta,Ida,14,Fair
vybpxlF6GUQIJvGGwoK9sQ_atras.jpg,Nestor_Gambetta,Ida,62,Fair
8Ibh_ByjeR0q2A3pWJOLFA_adelante.jpg,Nestor_Gambetta,Ida,44,Poor
HsLWohY_eWIf5bD1aAqaRg_adelante.jpg,Bertello,Ida,UM-26,Poor
S9rB4Chc8ne7wWlDvV9ObA_adelante.jpg,Republica_de_Polonia,Vuelta,UM-17,Good
gZEHM2vFTr8ce_tnSaEsCA_adelante.jpg,Nestor_Gambetta,Ida,36,Poor
5JEZMC1ZxLwGDleNw9xeTQ_atras.jpg,Nestor_Gambetta,Ida,35,Poor
Y3BlEDIJ-EtY3zbCfWoxbQ_atras.jpg,Nestor_Gambetta,Ida,67,Fair
6jL6RT_FEOtWq1Kwakbnug_adelante.jpg,Sangarara,Vuelta,B-7,Poor
J7CtlvtnOoFCSsJHbAcP8A_atras.jpg,Nestor_Gambetta,Ida,62,Fair
_PkhgnBWoelvUoMZj6ZMGA_adelante.jpg,La_Revolucion,Ida,UM 21,Fair
WmBqzRB0MT-kSESCpggyow_adelante.jpg,Nestor_Gambetta,Vuelta,39,Poor
csEMh3gcJ-f-iThy3TalCA_adelante.jpg,Republica_de_Polonia,Ida,UM-05,Poor
9r7JcA8A6mKbRT7PtEiP4A_atras.jpg,Gnral_Hoyos_Rubio,Ida,UM-03,Very Poor
aVUCEUodBMFSM4K2dfyk2g_adelante.jpg,Nestor_Gambetta,Ida,31,Fair
ABarpkJm9IT0Gqg8E1HT2Q_atras.jpg,Nestor_Gambetta,Vuelta,46,Fair
73M5xUOiLNVN3bkiG2hlnA_atras.jpg,Bertello,Ida,UM-09,Fair
w4GY1Vtp7v92vyzS0WNC5Q_adelante.jpg,Republica_de_Polonia,Ida,UM-08,Poor
a7pSe5xaHJMghnpVKeVBLA_atras.jpg,Nestor_Gambetta,Vuelta,22,Fair
J0WZjNlGPhXBuwIhm0_F1Q_adelante.jpg,La_Revolucion,Ida,UM 36,Fair
eIVrQ9Sk0y3LKgegPUw82g_adelante.jpg,Bertello,Ida,UM-44,Poor
abgLnZkyTFeF9xegH85z6A_adelante.jpg,Nestor_Gambetta,Vuelta,54,Fair
t64Dd3jg8ZECbXyYLpuTUw_adelante.jpg,Republica_de_Polonia,Vuelta,UM-16,Good
DJT3at_n4GoTLHNLC8pROA_atras.jpg,Gnral_Hoyos_Rubio,Ida,UM-11,Poor
4eMsJcR92pwFejV2s6NoLQ_atras.jpg,Nestor_Gambetta,Ida,75,Fair
Gr7z1GogSDfarq4XODmG5w_atras.jpg,Sangarara,Ida,A-6,Fair
ryYH3s-xsez0NlMxxdhJ0Q_adelante.jpg,Nestor_Gambetta,Vuelta,5,Fair
_KEMO1d59yN-M7MwEJ1drQ_atras.jpg,Republica_de_Polonia,Vuelta,UM-19,Good
9C3JcXQwKgq7JjwMznNpZA_adelante.jpg,Nestor_Gambetta,Ida,54,Fair
VLM8SyaujbdT41erke3_tQ_adelante.jpg,Los_Conquistadores,Ida,005,Good
SULVoSWVV75qAN8QeNDBRQ_atras.jpg,Nestor_Gambetta,Vuelta,12,Fair
_TEvO_rsZDi4JPRgeXlh_w_atras.jpg,Republica_de_Polonia,Vuelta,UM-22,Good
MtzTMeAQ9fZUt-4htZc4fQ_adelante.jpg,Nestor_Gambetta,Ida,1,Fair
LqWnsDqeMXP9SMyqa0BOjg_atras.jpg,Nestor_Gambetta,Ida,7,Poor
JmhntTACnBCgGdJzyP6-kQ_atras.jpg,Nestor_Gambetta,Vuelta,75,Fair
_5zfPvuQL2orq5UJOo-mag_adelante.jpg,Nestor_Gambetta,Ida,35,Poor
HL1R5Z_r14Sn0ds1WFJKdA_atras.jpg,Nestor_Gambetta,Ida,42,Poor
8Tc_56qiFGr8O62E4eMuoQ_adelante.jpg,Nestor_Gambetta,Vuelta,52,Fair
w4GY1Vtp7v92vyzS0WNC5Q_atras.jpg,Republica_de_Polonia,Ida,UM-08,Poor
yM57r3dCuaEDuW3_bC6uBQ_atras.jpg,La_Revolucion,Ida,UM 25,Fair
ijT1_4h93Qh8uH_By_KvKA_atras.jpg,Marañon,Ida,UM01,Poor
P7GkEnvWq3SGQj9nyKPTvw_atras.jpg,Nestor_Gambetta,Vuelta,41,Poor
csEMh3gcJ-f-iThy3TalCA_atras.jpg,Republica_de_Polonia,Ida,UM-05,Poor
SxxUxRNh4f9AeVT_5BM8Sg_atras.jpg,Nestor_Gambetta,Vuelta,55,Fair
yeDxNkWeuUppEwDV7a9DrA_adelante.jpg,Nestor_Gambetta,Vuelta,6,Fair
PShXzQoBq-8JqLHzv8z1xg_adelante.jpg,La_Revolucion,Ida,UM 09,Fair
-M0DP-mrqkBqJ5fj0RwUCg_adelante.jpg,Republica_de_Polonia,Ida,UM-06,Fair
HxKKgx28-rTd12E8Nqa1UQ_atras.jpg,Republica_de_Polonia,Ida,UM-09,Poor
44anLFxfhz2O_jzj3gGjFw_adelante.jpg,Nestor_Gambetta,Vuelta,39,Poor
uJu-2qqR51Pjj5PnB-nWoQ_adelante.jpg,La_Revolucion,Ida,UM 10,Fair
oF0HM4x_-7-P4AuQaADz5g_atras.jpg,Nestor_Gambetta,Ida,5,Fair
BH6WUvV6BfE7TTT7hHcjfA_atras.jpg,Sangarara,Vuelta,B-11,Fair
2zBYP7FRRzZtCaDox2N_vg_adelante.jpg,La_Revolucion,Ida,UM 14,Poor
lz7RHO0WDrDzOVwcCbv_Kg_adelante.jpg,Bertello,Ida,UM-06,Poor
OsiHsJGLP0Dz5VteAtanRg_atras.jpg,Bertello,Ida,UM-35,Poor
jZFGV8H0UP3f7-mmg8fFog_atras.jpg,La_Revolucion,Ida,UM 27,Poor
A9EnZWb3E7xZNokUCkiwhA_atras.jpg,Carretera_A_Los_Delfines,Ida,UM-49,Poor
oQmi6o5XE-reDczfzc7aKA_atras.jpg,Bertello,Ida,UM-08,Poor
-NeFmqKcxdaPPMiVKNzeJA_adelante.jpg,Nestor_Gambetta,Vuelta,68,Poor
I0lu5Yee3GFb0KFuHSjD0g_atras.jpg,Los_Conquistadores,Ida,010,Good
phyElNah9Z9MQQsK-waRMw_adelante.jpg,Sangarara,Vuelta,B-14,Fair
hg3whkKX5KUABifIMcET3Q_adelante.jpg,Marañon,Ida,UM13,Poor
9ZWQlVgmk6MrlhttDyVOQA_adelante.jpg,Republica_de_Polonia,Ida,UM-05,Poor
RSHCI-jk6w0iJuV5dGGlXg_atras.jpg,La_Revolucion,Ida,UM 28,Fair
dfE5ONE9nJYcsUCFJ-ASjQ_adelante.jpg,Gnral_Hoyos_Rubio,Ida,UM-08,Very Poor
gcm-QDJUd4IiFnOZPuEjzA_atras.jpg,Gnral_Hoyos_Rubio,Ida,UM-05,Very Poor
uFrjUFixiMX5Vi9WljVMxw_adelante.jpg,Nestor_Gambetta,Vuelta,55,Fair
k-L5S7gbQ5Lboog9nk3aMA_adelante.jpg,Nestor_Gambetta,Ida,61,Fair
DJT3at_n4GoTLHNLC8pROA_adelante.jpg,Gnral_Hoyos_Rubio,Ida,UM-11,Poor
XpINZilPx_iWcwfsctJ1Fw_adelante.jpg,Bertello,Ida,UM-21,Poor
oLimwUBxm50bxQRxhmD6-A_atras.jpg,La_Revolucion,Ida,UM 06,Fair
vTw8m20auva6GfxObvmA6g_adelante.jpg,Nestor_Gambetta,Vuelta,3,Fair
9kZxdBKsOgGsNFrO7HbyzA_atras.jpg,Nestor_Gambetta,Vuelta,68,Fair
Tuc-Be4MyBbr3INLoJ2byQ_atras.jpg,Nestor_Gambetta,Vuelta,44,Poor
lxb2usNtZLu1v_FuNV2HOg_atras.jpg,Nestor_Gambetta,Vuelta,64,Fair
Llt51TRWmFteY-U2oOOK0Q_atras.jpg,San_Juan,Ida,U-05,Poor
6ybYgzYDSafXRKmDhfyeng_atras.jpg,Bertello,Ida,UM-04,Poor
qpSAwMjgD8eq6WDJAm1xjg_atras.jpg,Bertello,Ida,UM-29,Poor
YiRZZlrvUOiyMdX9cHELFg_adelante.jpg,Nestor_Gambetta,Ida,19,Fair
vrz_Xos_Zqa0tyyfEF4ctA_atras.jpg,Nestor_Gambetta,Vuelta,47,Fair
m6m154stv2ywFHdg3dr_zA_adelante.jpg,Nestor_Gambetta,Ida,16,Fair
o__VSpioLLzvy82kpW6sBQ_atras.jpg,Nestor_Gambetta,Ida,51,Fair
3bbNvqFzOATP684RFZLrsw_adelante.jpg,Nestor_Gambetta,Ida,47,Poor
vzClWYK_KYZUnBXi81UnvQ_atras.jpg,Carretera_A_Los_Delfines,Ida,UM-73,Fair
5iP1LbhsiIMtFsld0VwHqg_atras.jpg,Nestor_Gambetta,Vuelta,50,Poor
uKJx4Khgj4ImE3n6VIucHg_atras.jpg,Nestor_Gambetta,Ida,46,Fair
Y85HYbhIA4h948sG8-fgdQ_atras.jpg,Nestor_Gambetta,Ida,11,Fair
7wTwITE_aq-0fyntB4THTQ_adelante.jpg,Bertello,Ida,UM-36,Poor
Ic-Je1biQP2GvjHrHaP27g_atras.jpg,Nestor_Gambetta,Ida,48,Poor
lqD88p96hv6Vzm94fEFS5g_adelante.jpg,Republica_de_Polonia,Vuelta,UM-18,Good
mHkqbGBa2YY75oswqyqmWQ_atras.jpg,Bertello,Ida,UM-11,Fair
q5ESwbuV06WqSAkLofnP8A_adelante.jpg,Sangarara,Ida,A-9,Fair
D7IbrckfvSlfwWzeIn9K7Q_atras.jpg,Nestor_Gambetta,Ida,15,Fair
TvH2rAYcBIW5ObejB4lNzw_adelante.jpg,Nestor_Gambetta,Ida,71,Fair
0Ea6mCnQg5plnmQwcChvkw_atras.jpg,Gnral_Hoyos_Rubio,Ida,UM-10,Fair
_lB9gVsGZI4InbETFJe1Eg_adelante.jpg,Nestor_Gambetta,Vuelta,72,Fair
7km3e2S9bGeD7GQZKbnimg_atras.jpg,Bertello,Ida,UM-02,Poor
tGjw6vN7FXfYWfpRT9l4eA_adelante.jpg,Republica_de_Polonia,Vuelta,UM-14,Good
vLpd3Q3Podpsu0g40_BArQ_atras.jpg,Los_Conquistadores,Ida,012,Poor
zKhXoFAPdKofKL4-FyYGNw_adelante.jpg,Bertello,Ida,UM-36,Poor
fn2MODioULYr1RjA9V0RPg_adelante.jpg,Bertello,Ida,UM-03,Poor
0Lw2_ktcZxelfYWXLsHGkg_adelante.jpg,Nestor_Gambetta,Ida,40,Poor
khe7n3rBa94i0c1W3yynUw_adelante.jpg,Marañon,Ida,UM15,Very Poor
e_JFE5Ae9tzj52HSMCCumg_adelante.jpg,Gnral_Hoyos_Rubio,Ida,UM-07,Very Poor
0fX91PiECWmvXVnlvEDQfw_adelante.jpg,Bertello,Ida,UM-23,Good
aGXszfCE3-BqInVfSIZMWQ_atras.jpg,Republica_de_Polonia,Vuelta,UM-23,Good
Wv-uunDXneRqDiVZnHflqQ_adelante.jpg,Gnral_Hoyos_Rubio,Ida,UM-01,Fair
OsiHsJGLP0Dz5VteAtanRg_adelante.jpg,Bertello,Ida,UM-35,Very Poor
TZQitYiCJvDEFxrBnSVgow_atras.jpg,Nestor_Gambetta,Vuelta,64,Fair
JG4DEpJqsT9twUVHY1d66w_adelante.jpg,Marañon,Ida,UM20,Poor
WGB8aGZm0IgB1hkTD2iV3g_adelante.jpg,Nestor_Gambetta,Ida,50,Poor
-M0DP-mrqkBqJ5fj0RwUCg_atras.jpg,Republica_de_Polonia,Ida,UM-06,Fair
Rv7UWFzUs1G8Ti8Agh3YjA_atras.jpg,Nestor_Gambetta,Ida,48,Poor
uX2U5j286J_-NsCaLAQYGg_atras.jpg,La_Revolucion,Ida,UM 34,Poor
MZLjt0kgczb1X5jCuu0XGA_adelante.jpg,Republica_de_Polonia,Vuelta,UM-20,Fair
qOtK6OSLYa4-wRYbD_GJ1A_adelante.jpg,Bertello,Ida,UM-14,Fair
D0vg13HjvjpiU_-IKTi_fQ_adelante.jpg,Nestor_Gambetta,Vuelta,42,Poor
04UfU8CzATMAhS7Zunlp_g_atras.jpg,Nestor_Gambetta,Ida,18,Fair
4zlyh_WeSIp2Fzpr1B3NGg_atras.jpg,Bertello,Ida,UM-44,Poor
KhIBFOQKD0hTIkU7MRUBnQ_atras.jpg,Nestor_Gambetta,Ida,22,Fair
CHv1CtxzIP85TyTDmmXGmw_atras.jpg,Nestor_Gambetta,Vuelta,31,Fair
ujmArs21VfN-4yhV4j8urA_adelante.jpg,La_Revolucion,Ida,UM 02,Very Poor
9CHHEhUDX0Zr2dP9e01Qlg_atras.jpg,Nestor_Gambetta,Ida,8,Fair
jHKvZL_KW8ahC5lXsMeJqQ_atras.jpg,Nestor_Gambetta,Ida,67,Fair
X8dTJGwwl7Sb6TeSinZPUQ_adelante.jpg,Nestor_Gambetta,Vuelta,43,Poor
37nsprqZjxawKPuqfjimBw_atras.jpg,Nestor_Gambetta,Ida,66,Fair
lYdAww7TB1grtNOFAJCJ7Q_atras.jpg,Nestor_Gambetta,Ida,50,Poor
Cxc4A_FZv2UVR4PNxEmXYw_atras.jpg,Gnral_Hoyos_Rubio,Ida,UM-11,Poor
fB-WFvLyFsOgIAAT0_5J3w_atras.jpg,La_Revolucion,Ida,UM 21,Fair
3F8eXjed5iHcj7Ju40KvEQ_atras.jpg,Nestor_Gambetta,Ida,39,Poor
geVN9LoDyrUH6IO8eE6N-A_adelante.jpg,Sangarara,Ida,A-2,Poor
f51ikM7Y1MjuwjnJu4k8Vw_atras.jpg,Marañon,Ida,UM17,Very Poor
tKLEK4tmsemA_CXlkhJ-4g_adelante.jpg,Nestor_Gambetta,Vuelta,73,Fair
MGpGd41_R3h_yeSQO35Tug_atras.jpg,La_Revolucion,Ida,UM 24,Poor
8imQiYqRYe8ZYkdS9ma1oA_adelante.jpg,La_Revolucion,Ida,UM 35,Fair
A0VslgXJUXUb4S0wP5KJzQ_adelante.jpg,Nestor_Gambetta,Ida,18,Fair
zZwBTQgMkyYvSc4Cj9QuNg_adelante.jpg,Nestor_Gambetta,Ida,12,Fair
JNrgQoimtlO_-I51eODA9A_atras.jpg,Nestor_Gambetta,Vuelta,27,Fair
UouHynLVfiZBBl7Su1Yktw_atras.jpg,Nestor_Gambetta,Vuelta,25,Fair
VMDLDb5lpBt45DeJx8L_Zw_atras.jpg,Bertello,Ida,UM-38,Poor
sIZXSdqwbRc_ibaw5v2S0w_atras.jpg,Sangarara,Ida,A-6,Fair
bcpOAauJlrIasPwkciFVxA_atras.jpg,La_Revolucion,Ida,UM 04,Fair
IZVikeoXCP5NjOWIz-sWig_atras.jpg,Nestor_Gambetta,Ida,21,Fair
QA2_VztiyJz5myVsX4O_nw_adelante.jpg,Nestor_Gambetta,Vuelta,25,Fair
d7B14Q_I0yqcmlxboCDdmw_adelante.jpg,Bertello,Ida,UM-40,Poor
HtHYiDJPYAp4nz2_8EqsUQ_atras.jpg,Nestor_Gambetta,Vuelta,62,Fair
n1xopcmAbZqY04Z97O7SYA_adelante.jpg,Nestor_Gambetta,Ida,65,Fair
o3os0NYZOj5-8zutuQk-mg_atras.jpg,La_Revolucion,Ida,UM 24,Poor
pw9iD6InZzT_aSaDUQHnMQ_adelante.jpg,Sangarara,Vuelta,B-5,Fair
ugLTsbNjE9_17n3-pgp80A_atras.jpg,Nestor_Gambetta,Ida,70,Fair
fD7U1QkTcj9mbFTlQ7_jEg_atras.jpg,Republica_de_Polonia,Vuelta,UM-18,Good
LLpX-Tfr0mHgmUho7NKCGQ_adelante.jpg,Gnral_Hoyos_Rubio,Ida,UM-05,Very Poor
5oYtrXKiVdcR-Vzyq2qsKg_adelante.jpg,Sangarara,Ida,A-11,Fair
zLbt_A5QxYxOKWJIEcdxhA_adelante.jpg,Bertello,Ida,UM-17,Poor
aFsuyQQY73kcIZZl23QrzQ_atras.jpg,Republica_de_Polonia,Ida,UM-08,Poor
6ShyR1zioFvPlN_5avTffA_adelante.jpg,Carretera_A_Los_Delfines,Ida,UM-07,Poor
vpahzzomUhWE8I066OsNCg_atras.jpg,Republica_de_Polonia,Vuelta,UM-13,Fair
bAb9WtyPQh93BONgKlOovg_atras.jpg,Republica_de_Polonia,Ida,UM-11,Fair
QoJ3ZYJL82ViOZehesE1ug_atras.jpg,Nestor_Gambetta,Ida,17,Poor
XXR6BKQQ2CuFMmrSmsVvRg_atras.jpg,Nestor_Gambetta,Vuelta,66,Fair
fpEaDzPD5rj26JxxKgRS5Q_atras.jpg,Nestor_Gambetta,Vuelta,25,Fair
_73ohHNKcF-WswZwdwo9Jw_adelante.jpg,Carretera_A_Los_Delfines,Ida,UM-25,Fair
IHQ936HevvVP7ULbbeVcEw_adelante.jpg,La_Revolucion,Ida,UM 33,Very Poor
hIOFZNuQWI0O--ueBr6SZQ_atras.jpg,Sangarara,Vuelta,B-5,Fair
qcgWcdBcBYMWJ9pofds9dQ_adelante.jpg,Nestor_Gambetta,Vuelta,62,Fair
9ikZD9mj8ZQTUxD4HWxMhQ_adelante.jpg,Nestor_Gambetta,Vuelta,67,Fair
uJu-2qqR51Pjj5PnB-nWoQ_atras.jpg,La_Revolucion,Ida,UM 10,Fair
a2Tc0Ambmi9UMrcxUd-DYg_atras.jpg,Nestor_Gambetta,Ida,39,Poor
PRKVp8JZRBI-MTbkAF3-gg_atras.jpg,Gnral_Hoyos_Rubio,Ida,UM-02,Fair
zE9OJ1wPFrSJaoW8NKDevA_adelante.jpg,Gnral_Hoyos_Rubio,Ida,UM-13,Fair
cFaSUzRvcCdEkLLQbLpSJA_atras.jpg,Bertello,Ida,UM-28,Poor
GwqCl-_sjXZ1-_2himJ7JQ_adelante.jpg,Nestor_Gambetta,Vuelta,11,Fair
2-ZkGqfsUhi5wUo6EYtlaA_adelante.jpg,Bertello,Ida,UM-07,Fair
h76qTUm0GmYOgTsVBy_J4Q_atras.jpg,Nestor_Gambetta,Ida,18,Fair
OBPd7ibYQPh4GgsfDMk9tg_adelante.jpg,Nestor_Gambetta,Vuelta,58,Fair
173V64Ge63S6130bKZh4xA_atras.jpg,Nestor_Gambetta,Vuelta,65,Fair
NECoXZ6Uf0AY_gyVoJbWQg_adelante.jpg,Gnral_Hoyos_Rubio,Ida,UM-14,Poor
fg7NIQOtaR4qItEN9IEnWA_atras.jpg,Nestor_Gambetta,Vuelta,73,Fair
eQNCo3WV0Dc1UQSBf10fRg_atras.jpg,Nestor_Gambetta,Vuelta,48,Fair
u2BU1OeNdZ8o0KWimPwsSg_atras.jpg,San_Juan,Vuelta,U-06,Poor
zDUcEr3ek8V7iSWYpBtPYQ_adelante.jpg,Nestor_Gambetta,Ida,70,Fair
RHJuG3dwrPwMToYTwdW77A_adelante.jpg,Sangarara,Vuelta,B-7,Fair
WOQTDlwbv2oKteEBIBJFVQ_adelante.jpg,Nestor_Gambetta,Vuelta,16,Fair
dAIlX2a6hl8Qt9ga7TxX4w_adelante.jpg,Nestor_Gambetta,Ida,37,Poor
g9oy0wFzDvepTesJVzus7Q_adelante.jpg,La_Revolucion,Ida,UM 31,Poor
iHhBJAazbjDuh2q3_Y0_lA_atras.jpg,Republica_de_Polonia,Ida,UM-03,Poor
KdrXSrVVsoA--G2chFIwiQ_adelante.jpg,Nestor_Gambetta,Ida,40,Poor
GwqCl-_sjXZ1-_2himJ7JQ_atras.jpg,Nestor_Gambetta,Vuelta,11,Fair
phyElNah9Z9MQQsK-waRMw_atras.jpg,Sangarara,Vuelta,B-14,Fair
ybsyOwCpzlyqH2l0YuBwJw_adelante.jpg,La_Revolucion,Ida,UM 02,Poor
yLsxS1kijMVJ8-zuVb1Tww_adelante.jpg,Nestor_Gambetta,Vuelta,53,Fair
tGOsCAJ00GQ6GMKtsRnYNQ_adelante.jpg,Nestor_Gambetta,Vuelta,65,Fair
4HFQVybdZ8KQyv2CsHsN6w_atras.jpg,Nestor_Gambetta,Vuelta,10,Fair
2ix3g1IH4o4SOC7BIpn41g_adelante.jpg,San_Juan,Ida,U-04,Poor
qF6noLFOF0r7-R57SkTd_Q_atras.jpg,Nestor_Gambetta,Vuelta,20,Poor
v4a5ewh-mo_WDLq42rNn_Q_atras.jpg,Bertello,Ida,UM-12,Poor
rTRATKUFc9-AATz_vmQqrg_atras.jpg,Republica_de_Polonia,Ida,UM-01,Fair
Lrp8wksNxwwYllFdxM5vSw_adelante.jpg,La_Revolucion,Ida,UM 24,Poor
bWfu9xZJV2oIqYXg-_OEew_adelante.jpg,Sangarara,Ida,A-5,Fair
fNfTTYNjTD0M6UTQOZ9w8g_adelante.jpg,San_Juan,Vuelta,U-08,Poor
GAz_kSZliIhBMQK2EgTGGA_adelante.jpg,Bertello,Ida,UM-22,Fair
JNrgQoimtlO_-I51eODA9A_adelante.jpg,Nestor_Gambetta,Vuelta,27,Fair
2U4iMe0fxVzt3rFfm9UUSg_atras.jpg,Sangarara,Vuelta,B-10,Poor
q5ESwbuV06WqSAkLofnP8A_atras.jpg,Sangarara,Ida,A-9,Fair
tuul0k8rP__GPP3v0v0MLw_atras.jpg,Nestor_Gambetta,Ida,43,Poor
f2Bg4Bt5EDW_uaJO-ypsVA_adelante.jpg,Nestor_Gambetta,Vuelta,29,Poor
jtEaZ79S42vHCsuynEYftA_adelante.jpg,Nestor_Gambetta,Ida,52,Fair
cFaSUzRvcCdEkLLQbLpSJA_adelante.jpg,Bertello,Ida,UM-28,Poor
n3oTI50Y-7nXWXpP4pQh4w_adelante.jpg,Marañon,Ida,UM22,Fair
V8BUCtIu-9reDJBRm2v1qg_adelante.jpg,Los_Conquistadores,Ida,010,Good
pJ7JJbwCvtKRenJqnxmQ7A_atras.jpg,Nestor_Gambetta,Vuelta,46,Fair
x2_F4TLmbLrETNSchrerGw_atras.jpg,Nestor_Gambetta,Ida,66,Fair
Df4XYDJYrcE_Yl_bKZ2CRw_atras.jpg,La_Revolucion,Ida,UM 19,Fair
uosQXKmRuuF6oYygEGRLZg_atras.jpg,San_Juan,Vuelta,U-03,Fair
Ewi4N5W16vJXRTC_jEKBOA_adelante.jpg,Nestor_Gambetta,Ida,44,Poor
jlY1NT1DxTpCu6UlndMplw_atras.jpg,Nestor_Gambetta,Vuelta,23,Fair
MOSZhnyIa8XQuUMW9IqJ4g_atras.jpg,Nestor_Gambetta,Vuelta,72,Fair
1sNFjUpWwIrSve-sSGHGwQ_atras.jpg,Nestor_Gambetta,Ida,9,Fair
dZ2QhgzTziks6nzSqWvg0Q_atras.jpg,Nestor_Gambetta,Ida,38,Poor
5sjOMJE97U7EkEOQ6PLUnw_atras.jpg,Nestor_Gambetta,Ida,65,Fair
Am3VTBBk1fRM_Lr_E_wwsA_adelante.jpg,Marañon,Ida,UM18,Very Poor
rVg37Gd3Y2FKipKS_SHCYw_adelante.jpg,San_Juan,Vuelta,U-06,Poor
K-puvo-R4N-8dEsTWihNSg_adelante.jpg,Bertello,Ida,UM-05,Very Poor
dZ3QIvon48y_fMntj6k8eA_adelante.jpg,Nestor_Gambetta,Vuelta,27,Fair
JpGvA4h2ieXAK7Vee1Ujzw_adelante.jpg,La_Revolucion,Ida,UM 07,Fair
BH6WUvV6BfE7TTT7hHcjfA_adelante.jpg,Sangarara,Vuelta,B-11,Fair
SVBgM3PhIzkA7eyg00VPCA_adelante.jpg,Gnral_Hoyos_Rubio,Ida,UM-06,Very Poor
khe7n3rBa94i0c1W3yynUw_atras.jpg,Marañon,Ida,UM15,Poor
VqD8NBKyz-B4ary6lSg60g_adelante.jpg,Nestor_Gambetta,Vuelta,10,Fair
THw3QoE8DfP8O7asWtSCEg_atras.jpg,Nestor_Gambetta,Vuelta,54,Fair
a3f6fo051JYMK2lAFJyHJw_atras.jpg,Gnral_Hoyos_Rubio,Ida,UM-14,Poor
sHO9x1Nh1q72mLdjJQJG1A_atras.jpg,Sangarara,Vuelta,B-3,Poor
uIyGLWqqoB4D1tBdGBUeOQ_atras.jpg,San_Juan,Vuelta,U-11,Fair
pJOV68x6RiQEt9KcdsJZLQ_adelante.jpg,Nestor_Gambetta,Ida,13,Fair
S8T38e1YFPxHCb3ektPtMg_atras.jpg,La_Revolucion,Ida,UM 16,Fair
NXvCjDTVtL-Hv0XOqD6wyw_atras.jpg,Bertello,Ida,UM-30,Very Poor
ayNwg5mrh51YAgoLOegdhg_atras.jpg,Bertello,Ida,UM-04,Very Poor
GQSRFO1uFLjCnIwfxuuVXQ_adelante.jpg,Nestor_Gambetta,Vuelta,3,Fair
n1xopcmAbZqY04Z97O7SYA_atras.jpg,Nestor_Gambetta,Ida,65,Fair
RoaStsReLCB6T5PzZqHCgA_atras.jpg,Marañon,Ida,UM20,Poor
66GSba0rU_1GxavGeWVWJQ_adelante.jpg,Nestor_Gambetta,Ida,70,Fair
IVzVzUPIe56SQ1ijhYrJCQ_adelante.jpg,Nestor_Gambetta,Ida,69,Fair
H4wDZaBD3xD52Kqcp2agSg_atras.jpg,Nestor_Gambetta,Ida,26,Fair
DAEIhzyaB8bSgFBWYqBscA_adelante.jpg,Marañon,Ida,UM05,Poor
HwBgxyIwXBvG2CZlag2TmA_atras.jpg,Nestor_Gambetta,Ida,45,Fair
ZpPB9_OrBXDPmyx1dn-EcQ_atras.jpg,Nestor_Gambetta,Vuelta,6,Fair
jIM8GHsOYgaVCFvppxQp8w_adelante.jpg,La_Revolucion,Ida,UM 23,Fair
i5h5YutBnT-i2exCoWMHPA_atras.jpg,Nestor_Gambetta,Vuelta,62,Fair
HQu3bFugeGTXsdbXEZ5rdQ_atras.jpg,Nestor_Gambetta,Ida,23,Fair
gJneEGMZxG1fjrkL3bG7ww_adelante.jpg,La_Revolucion,Ida,UM 08,Fair
9F3EASJBa5SizrGTchNpdw_adelante.jpg,Nestor_Gambetta,Vuelta,10,Fair
xmZo8HX9k510sclMKM3okg_atras.jpg,San_Juan,Vuelta,U-05,Fair
XQ0obi0EqmGUoPXYbkmFGQ_atras.jpg,Nestor_Gambetta,Ida,11,Fair
wBZ2J__dtuOmXJ5JeToqig_atras.jpg,Bertello,Ida,UM-43,Very Poor
j0cOVLlV4b2eJ6rUrwV5nw_atras.jpg,Nestor_Gambetta,Vuelta,11,Fair
d9LGxoWIJ-o8UzqZUOEifQ_adelante.jpg,Nestor_Gambetta,Vuelta,11,Fair
G9yAjVLzJKaoMeJBxtEXHQ_adelante.jpg,Sangarara,Vuelta,B-6,Fair
KjI5kDjhW0N4RXMlLbzLJQ_adelante.jpg,Nestor_Gambetta,Ida,54,Fair
4-LOeWeHoZfPFcJNQa6_YQ_adelante.jpg,Nestor_Gambetta,Vuelta,33,Poor
lXNOz5oky4v1frX_xA40Yg_atras.jpg,Nestor_Gambetta,Vuelta,40,Poor
1sHomfP8SB8ftC4VlWpJUw_adelante.jpg,Nestor_Gambetta,Vuelta,46,Fair
MlCin1JNHsmN-EdA4FhyoQ_adelante.jpg,Sangarara,Ida,A-3,Fair
a0X3vHKpmi3EOi2tyTt_MQ_adelante.jpg,La_Revolucion,Ida,UM 16,Very Poor
a2Tc0Ambmi9UMrcxUd-DYg_adelante.jpg,Nestor_Gambetta,Ida,39,Poor
BXORYKG7TZvR0FzQbppU1w_atras.jpg,Republica_de_Polonia,Ida,UM-09,Poor
XjcxHL2azGftNa_niNFlZQ_atras.jpg,Bertello,Ida,UM-36,Poor
BaPDmRm8KJnhbC-2TyFY0w_adelante.jpg,Bertello,Ida,UM-34,Very Poor
EOksOmxlLJtegJnpHQ6iHA_adelante.jpg,Gnral_Hoyos_Rubio,Ida,UM-01,Fair
VbLL0Vf0RnUQlXV9V7mBZg_atras.jpg,Los_Conquistadores,Ida,011,Good
WTZuZ7YO6Ba1JFUpzYf8hg_adelante.jpg,Nestor_Gambetta,Ida,17,Poor
Y442BF199VRk4Q1C0zaUXw_adelante.jpg,Nestor_Gambetta,Ida,43,Poor
306icby7Wc5rxZx-YIW85w_atras.jpg,Bertello,Ida,UM-43,Very Poor
h519ZyuzztF51_diMaZZqA_atras.jpg,Nestor_Gambetta,Vuelta,38,Fair
NfHmxcWDF3Fz4Qfynb8gUQ_atras.jpg,Nestor_Gambetta,Vuelta,41,Poor
lxb2usNtZLu1v_FuNV2HOg_adelante.jpg,Nestor_Gambetta,Vuelta,64,Fair
Godv-O-FAnPf8Rl1rZZCOw_adelante.jpg,Nestor_Gambetta,Vuelta,21,Fair
4uWqPIibReGdBb9OGOW9VQ_adelante.jpg,Nestor_Gambetta,Ida,54,Fair
_dXzMSVBk8PPKhCbG6fv8g_atras.jpg,La_Revolucion,Ida,UM 29,Poor
Tk0ssTytWdzBTrCJ3314IQ_atras.jpg,Nestor_Gambetta,Vuelta,55,Fair
5bEmzYBcj7GyHDDYAI7snA_atras.jpg,Nestor_Gambetta,Vuelta,63,Fair
MqQsxcIBm4FoaLizWGXFiQ_atras.jpg,Nestor_Gambetta,Vuelta,10,Fair
eT-rbNTDydZHoOgu7uqb-Q_adelante.jpg,San_Juan,Ida,U-09,Poor
ja3wbrsMH8uSWywyOEga7A_atras.jpg,Nestor_Gambetta,Vuelta,57,Fair
_xdtIgB5uTWLfJKJAU3trw_atras.jpg,La_Revolucion,Ida,UM 33,Very Poor
YtugcfXFtHiNooU4356QWQ_adelante.jpg,Nestor_Gambetta,Ida,34,Fair
w85x2bGH5LP2sOTasSJGwA_atras.jpg,Nestor_Gambetta,Ida,52,Fair
Mmd89Idnue4VGkYwRukuOA_adelante.jpg,Sangarara,Vuelta,B-12,Fair
RVuHQixIcTKBzPQrXeeMpA_atras.jpg,Nestor_Gambetta,Vuelta,48,Fair
EqOZM3cC_Gkx0lovCAhDQA_atras.jpg,Sangarara,Vuelta,B-4,Fair
aWC_rxB5ZIIfUTfSXuBTsg_atras.jpg,Nestor_Gambetta,Vuelta,70,Fair
Y85HYbhIA4h948sG8-fgdQ_adelante.jpg,Nestor_Gambetta,Ida,11,Fair
T57hyeJpyJAPvPmhn7j_6A_adelante.jpg,Gnral_Hoyos_Rubio,Ida,UM-02,Poor
sM991qrO4UQqEQmKqtz2bg_adelante.jpg,San_Juan,Ida,U-09,Poor
asnPx7ReeBqaLeAQWCjROw_adelante.jpg,Nestor_Gambetta,Ida,10,Fair
jj993Lmn6Kb-N2i4Ad1J4A_adelante.jpg,Republica_de_Polonia,Ida,UM-01,Fair
vBA41VeqZLDnN5KZFpXFuw_adelante.jpg,Sangarara,Vuelta,B-2,Fair
pBtKtpbpXRReIL311NgK0Q_atras.jpg,Bertello,Ida,UM-08,Poor
cb4bfcAzjxbVx4KRLYy8IQ_adelante.jpg,Nestor_Gambetta,Ida,47,Poor
6ov9Tq152TXm-ThJcpTL4A_atras.jpg,Los_Conquistadores,Ida,016,Good
yeW70auE3vI6a_W3lwInUQ_atras.jpg,La_Revolucion,Ida,UM 25,Very Poor
ybsyOwCpzlyqH2l0YuBwJw_atras.jpg,La_Revolucion,Ida,UM 02,Poor
rRaWOdyrybAVMxJBMDretQ_atras.jpg,Sangarara,Vuelta,B-9,Poor
qWvxZ1yPxUi3gD9P305alg_atras.jpg,Gnral_Hoyos_Rubio,Ida,UM-09,Fair
_lmI1o97AOyzY2ComV4BHQ_atras.jpg,Gnral_Hoyos_Rubio,Ida,UM-04,Very Poor
QAc67k_o1e8D-fPTdM5VDA_adelante.jpg,Nestor_Gambetta,Ida,60,Poor
_7gzfzKImLpXSKnXADb44A_atras.jpg,Nestor_Gambetta,Ida,67,Fair
KczClN_r_VZhDb_4LOPvTA_adelante.jpg,Nestor_Gambetta,Vuelta,53,Fair
oF0HM4x_-7-P4AuQaADz5g_adelante.jpg,Nestor_Gambetta,Ida,5,Fair
Bopu04--k3tkQRqLmhKQdQ_adelante.jpg,Bertello,Ida,UM-16,Fair
qq0EkP76-xQhCiIqB80pOQ_adelante.jpg,Bertello,Ida,UM-25,Very Poor
a-aaFhDckRplRWDzeKZlOQ_atras.jpg,La_Revolucion,Ida,UM 20,Fair
f51ikM7Y1MjuwjnJu4k8Vw_adelante.jpg,Marañon,Ida,UM17,Very Poor
NeuXqVQTDpqIn1IbCQb5Dg_adelante.jpg,La_Revolucion,Ida,UM 17,Fair
Gsmmr6lfUoL_NkBxDChHYw_adelante.jpg,Nestor_Gambetta,Vuelta,4,Fair
m2kZ8RopKq51TMGs0Q1A4g_adelante.jpg,Bertello,Ida,UM-15,Fair
Te4DsQ4se8gUXax14gt3-A_atras.jpg,La_Revolucion,Ida,UM 29,Poor
BFqY-l6TO1B3qOwkAM0lmg_adelante.jpg,Marañon,Ida,UM06,Poor
63erJzBXvqFGd15hCy_rjQ_adelante.jpg,Nestor_Gambetta,Vuelta,14,Fair
xyFIlPnwKucMtgv-PnfKqw_adelante.jpg,Nestor_Gambetta,Vuelta,61,Poor
kiIqMp5feC3UX1mR0uTEiA_adelante.jpg,Republica_de_Polonia,Vuelta,UM-18,Good
E71497GHjiw5GP2_giB5Kw_atras.jpg,La_Revolucion,Ida,UM 10,Fair
V_3VeQdqFW0URU_R8CiTWw_atras.jpg,Nestor_Gambetta,Vuelta,7,Fair
sF5O5Rhqe5MOdI9NoU8uOw_adelante.jpg,La_Revolucion,Ida,UM 35,Fair
sSYQhOCL8tfF8nufP9Y4VA_adelante.jpg,Bertello,Ida,UM-22,Fair
Ig2EBfAWbQbbTrtT23mRDA_atras.jpg,Sangarara,Ida,A-11,Fair
TvH2rAYcBIW5ObejB4lNzw_atras.jpg,Nestor_Gambetta,Ida,71,Fair
Adx5OONsi05r39nxBQ6GlQ_adelante.jpg,Marañon,Ida,UM07,Poor
6jL6RT_FEOtWq1Kwakbnug_atras.jpg,Sangarara,Vuelta,B-7,Poor
DqMS9Rz3gyoKUhpQOw3NAw_atras.jpg,Nestor_Gambetta,Vuelta,51,Fair
uFrjUFixiMX5Vi9WljVMxw_atras.jpg,Nestor_Gambetta,Vuelta,55,Fair
kErHCeTbhRD-0APeeehTzQ_atras.jpg,San_Juan,Ida,U-06,Poor
hBtFEcUDetTxBV2PzELdCg_atras.jpg,Nestor_Gambetta,Vuelta,55,Fair
a5B1xQFHjeEFahyCCEsLxw_adelante.jpg,Nestor_Gambetta,Ida,20,Fair
NR3_Qqffqch9xn15PkRaAw_atras.jpg,Nestor_Gambetta,Ida,1,Fair
OEiZ3J8a2478dxxBzOOqYw_atras.jpg,Nestor_Gambetta,Ida,7,Poor
PTc3s0yEf69Nu8O402SeRg_atras.jpg,Nestor_Gambetta,Ida,33,Poor
b-mvEJ2SXfFHoYos6Xv9eg_adelante.jpg,San_Juan,Ida,U-06,Poor
x1_-qDlG3YMlzFh-XTCKEQ_atras.jpg,Nestor_Gambetta,Ida,55,Poor
BkfRwHEcaJx-ItFOrDZtoA_atras.jpg,Nestor_Gambetta,Vuelta,52,Fair
FFz4u04hjqCCmFyY2cyInw_atras.jpg,Marañon,Ida,UM01,Poor
jlY1NT1DxTpCu6UlndMplw_adelante.jpg,Nestor_Gambetta,Vuelta,23,Fair
KGt06mcqQMGAb3HtV8jMCw_atras.jpg,Nestor_Gambetta,Vuelta,26,Fair
49Kt7qUbCtNrLqlQcGKbew_atras.jpg,Nestor_Gambetta,Ida,75,Fair
anK82qj_3G_l28zJJ1Hurw_atras.jpg,Nestor_Gambetta,Ida,29,Fair
MuDjzk-V7aYxXZG9O1BxPg_adelante.jpg,Nestor_Gambetta,Vuelta,59,Fair
K2lTYAdW-JmmDNUNrZBXHA_adelante.jpg,Nestor_Gambetta,Ida,21,Fair
tj6RW8VpxcjYKWY-c42pLg_atras.jpg,Nestor_Gambetta,Ida,42,Poor
NRoXLCdwnRT5Tx3m10bEjQ_adelante.jpg,Marañon,Ida,UM03,Poor
G9-JiuOKQmiKU8MkpfqjGQ_adelante.jpg,Nestor_Gambetta,Ida,5,Fair
_oJ66r3sbzxbwcRqT0e-iQ_adelante.jpg,Nestor_Gambetta,Vuelta,13,Fair
KpHCN8TjSNFuKqbVP5lFJQ_adelante.jpg,Nestor_Gambetta,Vuelta,59,Fair
ooB-UvuwZWhMjXKuf5YD-A_adelante.jpg,Bertello,Ida,UM-13,Fair
gW1cetGYfTc0ECTCMlASHA_adelante.jpg,Sangarara,Vuelta,B-6,Fair
AxTOlwzhMg4642tjQg-Irw_atras.jpg,Nestor_Gambetta,Ida,24,Fair
WGB8aGZm0IgB1hkTD2iV3g_atras.jpg,Nestor_Gambetta,Ida,50,Poor
cFQmiaHLrOv2S0CuQZqvPA_atras.jpg,Gnral_Hoyos_Rubio,Ida,UM-14,Poor
tzo0oOtgPBtvsCzOCTkBcQ_adelante.jpg,Carretera_A_Los_Delfines,Ida,UM-55,Poor
9NH8gFEzPC9E5sniY2ZSVg_adelante.jpg,Sangarara,Ida,A-14,Fair
80zeh01BopD3-V05ks5UdA_adelante.jpg,Bertello,Ida,UM-22,Fair
WruYJHQpuwJprmScVYiYmA_adelante.jpg,Gnral_Hoyos_Rubio,Ida,UM-12,Fair
-ia3m9gwgSg_GBkNlwdmyw_atras.jpg,San_Juan,Ida,U-09,Poor
un-GgUlvZtro9EvLmCIDEA_atras.jpg,Nestor_Gambetta,Ida,26,Fair
JBJeI8mJAaDOTPYLQnLNDQ_atras.jpg,Nestor_Gambetta,Vuelta,23,Fair
0gghnIPf9TomqtdxSNcldQ_adelante.jpg,La_Revolucion,Ida,UM 33,Very Poor
7cuIYzLlsVcALoAot3pq3g_adelante.jpg,Nestor_Gambetta,Vuelta,48,Fair
UzCyuCh2ytrz9LaaXbvHdQ_atras.jpg,Nestor_Gambetta,Ida,17,Poor
pTa_5ovwUKJKlEnJHc2ERw_atras.jpg,Nestor_Gambetta,Vuelta,60,Fair
l8IWvIEMe3o_TQLwfQGwgA_adelante.jpg,Nestor_Gambetta,Ida,56,Poor
2p3TN0rqsDX6BasHfpKdqA_adelante.jpg,Republica_de_Polonia,Vuelta,UM-13,Good
tbKFs5iH0-ZxXdv9Z0I0ew_adelante.jpg,Marañon,Ida,UM09,Very Poor
oLimwUBxm50bxQRxhmD6-A_adelante.jpg,La_Revolucion,Ida,UM 06,Fair
7km3e2S9bGeD7GQZKbnimg_adelante.jpg,Bertello,Ida,UM-02,Poor
D0ageXAwbEM5TpmYOps0vQ_adelante.jpg,Bertello,Ida,UM-35,Fair
vW1yilXEVCnMd4lh6rCPyQ_atras.jpg,Nestor_Gambetta,Ida,31,Fair
wTzUjPUEYX-nVTa5K5gFDw_atras.jpg,Nestor_Gambetta,Ida,10,Fair
pIa2eepyvJKHBEjYwawy-A_adelante.jpg,Republica_de_Polonia,Vuelta,UM-14,Good
5V84N4f7c_JaJXoA-_8gXw_atras.jpg,Republica_de_Polonia,Vuelta,UM-22,Good
HcbCFJticSt687dUCHVCog_adelante.jpg,Republica_de_Polonia,Vuelta,UM-14,Good
mPVVv-vF_EOiztPOasUC4g_atras.jpg,Nestor_Gambetta,Vuelta,49,Fair
gcm-QDJUd4IiFnOZPuEjzA_adelante.jpg,Gnral_Hoyos_Rubio,Ida,UM-05,Very Poor
BdZjhaPLieOSsqKa5AhFqA_atras.jpg,Republica_de_Polonia,Vuelta,UM-20,Fair
Bp7d4Pe2fuDtCiftWrNrAQ_adelante.jpg,Gnral_Hoyos_Rubio,Ida,UM-07,Very Poor
BugbreQ26WDSEXADdniuew_atras.jpg,Nestor_Gambetta,Ida,1,Fair
LsDNT4hJVyFXnn9a6SC0Yg_adelante.jpg,La_Revolucion,Ida,UM 03,Poor
kVxiVih5UHF_vu-BcSywqw_adelante.jpg,Marañon,Ida,UM14,Very Poor
mPVVv-vF_EOiztPOasUC4g_adelante.jpg,Nestor_Gambetta,Vuelta,49,Fair
ylCHyCTccglprt7b4fsQ4w_adelante.jpg,Gnral_Hoyos_Rubio,Ida,UM-09,Fair
XBAB7YInlBZS9f2PGod6qg_adelante.jpg,Bertello,Ida,UM-01,Fair
OM5Y32CZviEtCbTa5yTzYg_adelante.jpg,Nestor_Gambetta,Vuelta,8,Fair
1o4evrKZTUF_4gb5IvXiVw_atras.jpg,La_Revolucion,Ida,UM 20,Fair
scvnm7AaISoEC4e6k4uexA_adelante.jpg,Nestor_Gambetta,Vuelta,35,Poor
PpUO5g--gAurEgnDGScHIw_atras.jpg,Nestor_Gambetta,Ida,73,Fair
ZHfnAcLhhL_m9bBFbSfwpQ_adelante.jpg,Bertello,Ida,UM-20,Poor
6BrFsfk6T7MgsAjkC1KAAg_adelante.jpg,Nestor_Gambetta,Vuelta,8,Fair
eNgbTxPoQRKUfKQhn-TCGw_adelante.jpg,San_Juan,Ida,U-06,Poor
4eMsJcR92pwFejV2s6NoLQ_adelante.jpg,Nestor_Gambetta,Ida,75,Fair
RZ324LBuGZaitjW0waa4rQ_adelante.jpg,San_Juan,Ida,U-11,Fair
ET-Bc_xo7PfYzoiDEVHvUg_atras.jpg,Nestor_Gambetta,Ida,71,Fair
ha0GcdU0GCNp1zIh1vSKxQ_adelante.jpg,La_Revolucion,Ida,UM 37,Fair
MQ-qLxD8CnY4pzbBnBn2ng_adelante.jpg,San_Juan,Vuelta,U-02,Poor
RZ324LBuGZaitjW0waa4rQ_atras.jpg,San_Juan,Ida,U-11,Fair
yyqUhMGFyN-YXT19D3p45g_adelante.jpg,La_Revolucion,Ida,UM 06,Fair
g2ozAaBC2I1FxB0lF-3MLQ_adelante.jpg,Nestor_Gambetta,Vuelta,28,Poor
4CGJD4Vg6_Sq9g1fZ6WReg_adelante.jpg,Nestor_Gambetta,Ida,6,Poor
fp9gysD1LNbCRctGewo9oQ_adelante.jpg,Republica_de_Polonia,Ida,UM-02,Poor
he4PXP2pVtQnCRL1XPGmiQ_adelante.jpg,Nestor_Gambetta,Vuelta,27,Fair
TfOlPVjbQo-88BoQKiN_lA_atras.jpg,Nestor_Gambetta,Ida,31,Fair
ceZz7x0WcfVpaLFgnFmn8A_adelante.jpg,Nestor_Gambetta,Vuelta,5,Fair
B1UuHRsoz2gGXMZzYrrdEQ_atras.jpg,Bertello,Ida,UM-10,Fair
TwEV7OKbj-WH69VZN8odHw_atras.jpg,Marañon,Ida,UM21,Fair
u2BU1OeNdZ8o0KWimPwsSg_adelante.jpg,San_Juan,Vuelta,U-06,Poor
wAxZe84CfKPBNVq8WpIwow_atras.jpg,Republica_de_Polonia,Ida,UM-03,Poor
f846sZrqeZlZpNUyXzc6sg_atras.jpg,Nestor_Gambetta,Ida,60,Poor
U42VIDbrhi4j-I5WwAawuA_atras.jpg,Republica_de_Polonia,Ida,UM-11,Fair
0D54JrV1OYwq0GKDbfXKVA_adelante.jpg,San_Juan,Vuelta,U-09,Poor
_srRjnbWE2Vuqc-VrGj01A_adelante.jpg,Nestor_Gambetta,Ida,16,Fair
eEOXVeNfBxBX4XIdoW1WwQ_adelante.jpg,Nestor_Gambetta,Vuelta,42,Poor
fNfTTYNjTD0M6UTQOZ9w8g_atras.jpg,San_Juan,Vuelta,U-08,Poor
jJlsZQGTxTKjlUdwgVnjrQ_adelante.jpg,Nestor_Gambetta,Vuelta,19,Poor
m724N4ZCIRVTZ0CfD6-S9Q_atras.jpg,Nestor_Gambetta,Ida,62,Fair
GQSRFO1uFLjCnIwfxuuVXQ_atras.jpg,Nestor_Gambetta,Vuelta,3,Fair
qW7S-4Gl6-S8Ueb0uw4FEg_atras.jpg,Nestor_Gambetta,Ida,65,Fair
LqWnsDqeMXP9SMyqa0BOjg_adelante.jpg,Nestor_Gambetta,Ida,7,Poor
kErHCeTbhRD-0APeeehTzQ_adelante.jpg,San_Juan,Ida,U-06,Poor
3nUPFdjK2HEx4LQt7nMa0A_adelante.jpg,La_Revolucion,Ida,UM 16,Fair
8bhPGonVEYcB5l71slgTZA_adelante.jpg,Los_Conquistadores,Ida,002,Poor
ZAuIDKod1HsVgkPZDB54Og_atras.jpg,Nestor_Gambetta,Ida,56,Poor
7t56XyrVQbTieww2BGVZhg_adelante.jpg,Nestor_Gambetta,Vuelta,26,Fair
NkEbQ3xBjBXubdOGDEuoBw_adelante.jpg,Marañon,Ida,UM25,Very Poor
2zBYP7FRRzZtCaDox2N_vg_atras.jpg,La_Revolucion,Ida,UM 14,Very Poor
g3Didhzstq6SGkRivfmAvA_adelante.jpg,Nestor_Gambetta,Vuelta,22,Fair
QVe6No4esTAzGDVeYiX8PA_adelante.jpg,La_Revolucion,Ida,UM 27,Poor
ZDZZe6m3ANcV6lcgzuswpA_atras.jpg,San_Juan,Vuelta,U-10,Fair
iDVAKLR_96OXPYQOkIO1PQ_atras.jpg,Nestor_Gambetta,Ida,74,Fair
QoKhqLAod854MwczWu2qOw_atras.jpg,Sangarara,Ida,A-5,Fair
t-YldZCyRIYNIQVFQsAqBg_atras.jpg,Nestor_Gambetta,Ida,44,Poor
WFIuOppuhB3d30kKnV24xA_adelante.jpg,San_Juan,Vuelta,U-11,Fair
80XBPxqQxaGvsTQnecQlWg_adelante.jpg,Nestor_Gambetta,Ida,49,Fair
8SB6FPdVGUaz4xTNcePu3A_atras.jpg,Carretera_A_Los_Delfines,Ida,UM-25,Very Poor
VZj6pmulrcoXySqZ1eLG1A_adelante.jpg,La_Revolucion,Ida,UM 20,Fair
gvEd5aZB_r_5QbR-fNJcvw_adelante.jpg,Marañon,Ida,UM14,Very Poor
RSZ0vABHWa74C0dv6v7tDw_atras.jpg,La_Revolucion,Ida,UM 20,Fair
PVXFWobglfYuCFcx111noA_atras.jpg,Nestor_Gambetta,Ida,68,Poor
6HiYREoG4TtEkJtJ2CnZcA_atras.jpg,Marañon,Ida,UM24,Poor
1hg-_nsHCGW2TFXPMNvM_g_atras.jpg,Sangarara,Vuelta,B-4,Fair
ET048bfAaXDDtvwdtUDgfw_atras.jpg,La_Revolucion,Ida,UM 18,Good
T57hyeJpyJAPvPmhn7j_6A_atras.jpg,Gnral_Hoyos_Rubio,Ida,UM-02,Very Poor
hM7ReWmwtYGbvE_7JbB_AA_atras.jpg,Nestor_Gambetta,Vuelta,71,Fair
8gx_ndUmFokjvabPw6dJCw_adelante.jpg,La_Revolucion,Ida,UM 34,Poor
80XBPxqQxaGvsTQnecQlWg_atras.jpg,Nestor_Gambetta,Ida,49,Fair
nulGTlkeCRK6N6Ja4bz4ng_adelante.jpg,Nestor_Gambetta,Vuelta,46,Fair
XcAYW43JpjQ69IEwVteA6Q_adelante.jpg,Bertello,Ida,UM-16,Fair
SWlqWbQfw97pebfAlhfHow_atras.jpg,Nestor_Gambetta,Vuelta,24,Fair
aVUCEUodBMFSM4K2dfyk2g_atras.jpg,Nestor_Gambetta,Ida,31,Fair
WdiRmNzf8yhAr7_lp1wpjQ_adelante.jpg,Nestor_Gambetta,Vuelta,9,Fair
kVxiVih5UHF_vu-BcSywqw_atras.jpg,Marañon,Ida,UM14,Very Poor
SmCP7d8aerW1cMcwXft0nw_atras.jpg,Nestor_Gambetta,Ida,1,Fair
dN5KsatOmEXKr6vdQccZ8g_atras.jpg,Nestor_Gambetta,Ida,55,Poor
ABarpkJm9IT0Gqg8E1HT2Q_adelante.jpg,Nestor_Gambetta,Vuelta,46,Fair
wUOTYYly2Sbof7Wr7_O3uQ_adelante.jpg,Bertello,Ida,UM-42,Poor
2p3TN0rqsDX6BasHfpKdqA_atras.jpg,Republica_de_Polonia,Vuelta,UM-13,Good
Vck-Gd1Py773upL-3Bz3XA_adelante.jpg,La_Revolucion,Ida,UM 19,Fair
pDOFq7EJ_FkTDNEW7YRpBw_atras.jpg,Bertello,Ida,UM-23,Fair
JWWDh-dOlL-rl-Mm5WTS4Q_atras.jpg,Nestor_Gambetta,Ida,13,Fair
SsBDdlrKuODZEJtrdc3c5A_adelante.jpg,Los_Conquistadores,Ida,006,Poor
vW1yilXEVCnMd4lh6rCPyQ_adelante.jpg,Nestor_Gambetta,Ida,31,Fair
E9GjLDyhoBsQhDW3AR0npw_adelante.jpg,Nestor_Gambetta,Vuelta,39,Poor
aoBBg_ehMwu25GBC8jlF7g_adelante.jpg,Nestor_Gambetta,Vuelta,24,Fair
jIM8GHsOYgaVCFvppxQp8w_atras.jpg,La_Revolucion,Ida,UM 23,Fair
ye1-7wDRTxBO9BtQyyhDIQ_adelante.jpg,Nestor_Gambetta,Ida,27,Fair
FFz4u04hjqCCmFyY2cyInw_adelante.jpg,Marañon,Ida,UM01,Poor
9yZj8Y1qA9uX3VfYAvONdg_atras.jpg,Republica_de_Polonia,Vuelta,UM-21,Good
42utI9PCYERRbYhych0Edw_adelante.jpg,Nestor_Gambetta,Vuelta,2,Fair
3K21VHf1xOhT2bcqpYBQBQ_adelante.jpg,San_Juan,Vuelta,U-01,Fair
RXCBkhATGFY4SGK_BK5DKQ_atras.jpg,La_Revolucion,Ida,UM 22,Poor
vpLSyf0JOcFnXmfb6auW7Q_atras.jpg,San_Juan,Vuelta,U-08,Poor
_dXzMSVBk8PPKhCbG6fv8g_adelante.jpg,La_Revolucion,Ida,UM 29,Poor
qq0EkP76-xQhCiIqB80pOQ_atras.jpg,Bertello,Ida,UM-25,Fair
tWgSvKlbsGThvncjdgWLvQ_atras.jpg,Nestor_Gambetta,Ida,4,Fair
V5BIPWuF_jvyp4PiSXxoXg_adelante.jpg,Nestor_Gambetta,Vuelta,28,Poor
2p3O4Fwfc_2AIy0eBn-F_Q_adelante.jpg,Bertello,Ida,UM-26,Very Poor
-so-zuDDFEWR2G1_F9pZlg_atras.jpg,Nestor_Gambetta,Ida,1,Fair
0sWQ7T1er3oVbsbJK97d0Q_atras.jpg,Nestor_Gambetta,Ida,55,Poor
QGHrASWhBa9aYt6goLoQDw_adelante.jpg,Nestor_Gambetta,Ida,51,Fair
6tAtJXvrHapaVBXNt9IdsQ_atras.jpg,Sangarara,Ida,A-8,Fair
YfmmLILzArjo5upcxGwiXw_adelante.jpg,La_Revolucion,Ida,UM 20,Fair
OM5Y32CZviEtCbTa5yTzYg_atras.jpg,Nestor_Gambetta,Vuelta,8,Fair
v_zSYvyrJKA7_Yd33U5X_Q_adelante.jpg,Sangarara,Ida,A-7,Fair
QkOcfwixn9ZeieQGZ8POgg_atras.jpg,Los_Conquistadores,Ida,016,Good
rhUyXMJK6ZzqgwCtYNXk3g_atras.jpg,Nestor_Gambetta,Vuelta,1,Fair
RJNS5iq9QLzVUO-XxaY38w_atras.jpg,Nestor_Gambetta,Vuelta,7,Fair
VOgpQjGnl7L8TE3BYLjNMQ_atras.jpg,Nestor_Gambetta,Ida,53,Fair
ferPwzsuTi5KNfNjJH_wGw_atras.jpg,Nestor_Gambetta,Ida,33,Poor
YZJWhiqYl4hw65zRaDNboQ_adelante.jpg,Nestor_Gambetta,Vuelta,65,Fair
rm3cg7oznoZMSJ0uqEKsYQ_atras.jpg,Nestor_Gambetta,Ida,19,Fair
IxAEvUzeOSXnzKEVd619xw_adelante.jpg,San_Juan,Vuelta,U-10,Poor
-so-zuDDFEWR2G1_F9pZlg_adelante.jpg,Nestor_Gambetta,Ida,1,Fair
OrLkB8bO53_OnWM2QutTzQ_adelante.jpg,Republica_de_Polonia,Ida,UM-10,Poor
9ARjQLHkT-sczoUvwpM3qw_adelante.jpg,Nestor_Gambetta,Ida,19,Fair
onKfEGt7gfkQLc8iC78Uew_atras.jpg,Bertello,Ida,UM-28,Poor
pny3jZ96BKfpDviapV4NYA_adelante.jpg,Nestor_Gambetta,Vuelta,41,Poor
ijJttLsw5CgSrjqIiPw0ng_atras.jpg,Nestor_Gambetta,Ida,38,Poor
CcmRSwMU-ilr13kQXTHc3g_adelante.jpg,Nestor_Gambetta,Vuelta,61,Poor
V6jZ9m7SjOI1yoegFCezlA_adelante.jpg,Bertello,Ida,UM-13,Fair
fC_frntYAx0yo2pojrN66w_adelante.jpg,Nestor_Gambetta,Vuelta,12,Fair
WTZuZ7YO6Ba1JFUpzYf8hg_atras.jpg,Nestor_Gambetta,Ida,17,Poor
HxD9dUr4q7AqFyoHGqmAhw_adelante.jpg,Nestor_Gambetta,Vuelta,53,Fair
g2ozAaBC2I1FxB0lF-3MLQ_atras.jpg,Nestor_Gambetta,Vuelta,28,Poor
LjEt-knd4Uenitz8bOMGdg_adelante.jpg,San_Juan,Vuelta,U-06,Fair
vW0GJrjaGQHoC1-pvqfyzg_atras.jpg,Bertello,Ida,UM-11,Fair
hKPikiAtals5fXj4xsJ_Pw_adelante.jpg,La_Revolucion,Ida,UM 15,Poor
NLTGTMBHTK7XeDZLX47vmQ_adelante.jpg,San_Juan,Vuelta,U-11,Fair
ylCHyCTccglprt7b4fsQ4w_atras.jpg,Gnral_Hoyos_Rubio,Ida,UM-09,Fair
gvEd5aZB_r_5QbR-fNJcvw_atras.jpg,Marañon,Ida,UM14,Very Poor
I-np9tiAWC_YCACEizWjzw_adelante.jpg,Nestor_Gambetta,Ida,59,Poor
JoLG9bVJ3HvYjFMy4rJOPw_adelante.jpg,Carretera_A_Los_Delfines,Ida,UM-31,Fair
tj6RW8VpxcjYKWY-c42pLg_adelante.jpg,Nestor_Gambetta,Ida,42,Poor
v2_acJCgQvJPmGVRYirF6g_adelante.jpg,Nestor_Gambetta,Vuelta,74,Fair
XSbFRmSk9qnPwzQz5AGGzw_atras.jpg,San_Juan,Ida,U-05,Poor
bg0oQs-eMdeRrbENKi251w_atras.jpg,Nestor_Gambetta,Ida,34,Fair
8QzYLJJ4FqaDDymtjA3-qg_atras.jpg,Nestor_Gambetta,Vuelta,31,Fair
J1-zdaeR1z-RsdpLSlWYsQ_adelante.jpg,Nestor_Gambetta,Vuelta,19,Poor
impk-3CdrMQth94A_eU4OA_adelante.jpg,San_Juan,Ida,U-11,Fair
X5OWPhmdb3p1IR6nToF4fg_atras.jpg,Nestor_Gambetta,Ida,18,Fair
UU3fiojC2Urq-JV92IVnwg_atras.jpg,Nestor_Gambetta,Vuelta,61,Poor
HFynwwRZaMBUqOGTEJfCQw_atras.jpg,Nestor_Gambetta,Ida,72,Fair
bAb9WtyPQh93BONgKlOovg_adelante.jpg,Republica_de_Polonia,Ida,UM-11,Fair
Z8T5gcO5G2YKIbiDTYStPQ_atras.jpg,Nestor_Gambetta,Vuelta,37,Fair
X5OWPhmdb3p1IR6nToF4fg_adelante.jpg,Nestor_Gambetta,Ida,18,Fair
fi9fMxA8WzRx1sIo-PEHDA_adelante.jpg,Nestor_Gambetta,Ida,4,Fair
F77vJCBoN5A5-qj_8kl-XA_atras.jpg,Nestor_Gambetta,Vuelta,28,Poor
-VIqFNOXRyQYGYpzAeSX0w_adelante.jpg,Los_Conquistadores,Ida,005,Good
eNgbTxPoQRKUfKQhn-TCGw_atras.jpg,San_Juan,Ida,U-06,Poor
LjEt-knd4Uenitz8bOMGdg_atras.jpg,San_Juan,Vuelta,U-06,Poor
kSmWeeqhFz2dB1ICJoC6qg_atras.jpg,Los_Conquistadores,Ida,005,Good
ob6qgJdEXQn8opVuWSVrHg_atras.jpg,Bertello,Ida,UM-45,Poor
qKs4aVS7aCBSY5lXPPkRAA_adelante.jpg,Nestor_Gambetta,Ida,37,Poor
vrz_Xos_Zqa0tyyfEF4ctA_adelante.jpg,Nestor_Gambetta,Vuelta,47,Fair
kA9Ath7HuIonFJIJjKnbgA_adelante.jpg,La_Revolucion,Ida,UM 25,Poor
VAMJrtB84NNxL9us6DVZcQ_adelante.jpg,Marañon,Ida,UM16,Very Poor
zIyHSU1mq1B0zj6eUxeHSA_atras.jpg,Bertello,Ida,UM-39,Very Poor
pF2WLCqUGK05BS4sUt2V8Q_adelante.jpg,La_Revolucion,Ida,UM 28,Fair
TwEV7OKbj-WH69VZN8odHw_adelante.jpg,Marañon,Ida,UM21,Fair
T_i_L0jA7ojolzR04z88iA_adelante.jpg,Bertello,Ida,UM-25,Good
Mr_ZM7LUjj4GAbF-5k4yFQ_adelante.jpg,Nestor_Gambetta,Ida,71,Fair
6MwxbItcP9t_nsIZWTCNrg_adelante.jpg,Nestor_Gambetta,Vuelta,40,Poor
dvUCvH1zlAKg0LtA54NyIQ_adelante.jpg,Sangarara,Ida,A-2,Poor
DR8BA8I4YSfZT6Kc46Bjkw_atras.jpg,Nestor_Gambetta,Ida,4,Fair
Mr_ZM7LUjj4GAbF-5k4yFQ_atras.jpg,Nestor_Gambetta,Ida,71,Fair
cX_CZsDs6MZm-PzjhN_7eA_atras.jpg,Nestor_Gambetta,Ida,36,Poor
79ewjYbB0LUnZ5YbE2Z_wg_atras.jpg,Nestor_Gambetta,Vuelta,19,Poor
ekorhsgxnOXCtXyDAD4EuA_adelante.jpg,La_Revolucion,Ida,UM 07,Fair
Z8T5gcO5G2YKIbiDTYStPQ_adelante.jpg,Nestor_Gambetta,Vuelta,37,Fair
NqlNSTKhBdPPqxXSUlsoAg_adelante.jpg,Bertello,Ida,UM-05,Poor
I8PVws2A-hGYJeG0Sf5wqw_atras.jpg,Carretera_A_Los_Delfines,Ida,UM-01,Fair
-YjQjsZzopqz1k6pZ3CM0g_adelante.jpg,Nestor_Gambetta,Ida,74,Fair
SH16itEjJvU3iHZ-a7iyJA_adelante.jpg,Republica_de_Polonia,Vuelta,UM-19,Good
GHtt6jy6RxTx2woq_VuIeQ_adelante.jpg,Nestor_Gambetta,Vuelta,40,Poor
DZjG9msjNVp2u05kuWVy3Q_atras.jpg,Marañon,Ida,UM12,Poor
QtgMXoPwStK2GcXjh8tezg_adelante.jpg,Bertello,Ida,UM-05,Very Poor
x9WtEBYYm5SUaWbuioww3Q_adelante.jpg,Nestor_Gambetta,Ida,34,Fair
s2pXRVFmEYRkhumHd13MHQ_adelante.jpg,Republica_de_Polonia,Ida,UM-04,Poor
-gaSd7gRoupcVwe6boRsNw_atras.jpg,Nestor_Gambetta,Vuelta,2,Fair
pd3eHe4GbYsI6dJ1OdihxA_adelante.jpg,Republica_de_Polonia,Ida,UM-10,Poor
vD_vjUkXrPONf4bGnGKtCQ_atras.jpg,Nestor_Gambetta,Vuelta,56,Fair
sHO9x1Nh1q72mLdjJQJG1A_adelante.jpg,Sangarara,Vuelta,B-3,Fair
ODuJF8UGSBeLKUCR3p_vDw_adelante.jpg,La_Revolucion,Ida,UM 02,Fair
Nf2vbyOBwro_bnvJiDaOSw_adelante.jpg,Nestor_Gambetta,Vuelta,71,Fair
dpWfbcls94U1A6IKFSIfJg_atras.jpg,Bertello,Ida,UM-34,Very Poor
EHD_lIGdnROQhVa6hzQVcA_adelante.jpg,Nestor_Gambetta,Vuelta,23,Fair
RXCBkhATGFY4SGK_BK5DKQ_adelante.jpg,La_Revolucion,Ida,UM 22,Poor
IHQ936HevvVP7ULbbeVcEw_atras.jpg,La_Revolucion,Ida,UM 33,Very Poor
ZY3rL97_G54cwGOVoK7F1g_adelante.jpg,Nestor_Gambetta,Vuelta,74,Fair
y6j4_SQ7BYWpYROLOIFG6Q_adelante.jpg,Gnral_Hoyos_Rubio,Ida,UM-07,Very Poor
ozvzgnVlYxA2WFr7pSnukA_adelante.jpg,Los_Conquistadores,Ida,006,Poor
4qkPdj9k36xLn9g9yABKOQ_adelante.jpg,Marañon,Ida,UM05,Poor
XPOZkMtDqGiACU2TYnVkJA_atras.jpg,Nestor_Gambetta,Ida,33,Poor
E71497GHjiw5GP2_giB5Kw_adelante.jpg,La_Revolucion,Ida,UM 10,Fair
NOlhf8o2c8Pdvz4Bnb91cw_atras.jpg,Republica_de_Polonia,Vuelta,UM-23,Good
6BrFsfk6T7MgsAjkC1KAAg_atras.jpg,Nestor_Gambetta,Vuelta,8,Fair
WeOpEfuohDnRwV1TkGlhLw_adelante.jpg,Bertello,Ida,UM-14,Fair
ZpPB9_OrBXDPmyx1dn-EcQ_adelante.jpg,Nestor_Gambetta,Vuelta,6,Fair
EE5xQriQCOLImY64H2chDg_atras.jpg,Sangarara,Vuelta,B-1,Fair
nQjm4WMUtA14QwZXWvINCw_adelante.jpg,Nestor_Gambetta,Ida,32,Fair
0Lw2_ktcZxelfYWXLsHGkg_atras.jpg,Nestor_Gambetta,Ida,40,Poor
pmSWTgBOlFryqGurE48bLg_atras.jpg,Nestor_Gambetta,Vuelta,32,Fair
73k0Ux3UuSeFAETq_w7HSQ_atras.jpg,Nestor_Gambetta,Ida,58,Poor
w_ke0j7CfChss63rrQ3GUA_adelante.jpg,Nestor_Gambetta,Vuelta,52,Fair
lhXW3Vd7P3n1__SWGSQ3SA_atras.jpg,San_Juan,Ida,U-10,Poor
es24eQjjhZeVJdeXwE6avw_atras.jpg,Nestor_Gambetta,Ida,16,Fair
wv1JMDfYzPrguXwl3bfImA_atras.jpg,Republica_de_Polonia,Vuelta,UM-22,Good
Df4XYDJYrcE_Yl_bKZ2CRw_adelante.jpg,La_Revolucion,Ida,UM 19,Fair
rE6enCO9MuZ19ao_489aOA_atras.jpg,La_Revolucion,Ida,UM 26,Fair
Adx5OONsi05r39nxBQ6GlQ_atras.jpg,Marañon,Ida,UM07,Poor
C3MQJkbD9jBRbIpdhmBZkw_atras.jpg,Marañon,Ida,UM11,Poor
jEQvxMK1-1Do3eMxnNdxJQ_atras.jpg,Carretera_A_Los_Delfines,Ida,UM-13,Fair
_TEvO_rsZDi4JPRgeXlh_w_adelante.jpg,Republica_de_Polonia,Vuelta,UM-22,Good
D0vg13HjvjpiU_-IKTi_fQ_atras.jpg,Nestor_Gambetta,Vuelta,42,Poor
vW0GJrjaGQHoC1-pvqfyzg_adelante.jpg,Bertello,Ida,UM-11,Fair
uXEx8ZTOaYYTB2C94rYBhw_atras.jpg,Marañon,Ida,UM18,Very Poor
BefoN6wFXpalxM0pm_qU3Q_atras.jpg,Nestor_Gambetta,Vuelta,6,Fair
spfnECDolZ12dBcjd9TSVw_adelante.jpg,San_Juan,Vuelta,U-11,Fair
U9VKDt2hUeaI1qNBhOKkQw_atras.jpg,Nestor_Gambetta,Vuelta,54,Fair
qf_ShWSfyrYX5qPoBZXv0g_atras.jpg,Marañon,Ida,UM11,Poor
W26pT1koU7gz2NDXqBWHOA_atras.jpg,Nestor_Gambetta,Ida,41,Poor
0D54JrV1OYwq0GKDbfXKVA_atras.jpg,San_Juan,Vuelta,U-09,Poor
JZtzqszntz6qtHVbvHknhQ_adelante.jpg,Nestor_Gambetta,Vuelta,45,Poor
8eAS-RDbGXekv2TjC9Hj_w_atras.jpg,La_Revolucion,Ida,UM 18,Fair
YAt-lEg4hi56me9kxSGn3Q_atras.jpg,Bertello,Ida,UM-08,Poor
4CGJD4Vg6_Sq9g1fZ6WReg_atras.jpg,Nestor_Gambetta,Ida,6,Poor
LT2Emb9ZKWezls7-w4fJ3A_adelante.jpg,Los_Conquistadores,Ida,009,Poor
un-GgUlvZtro9EvLmCIDEA_adelante.jpg,Nestor_Gambetta,Ida,26,Fair
anK82qj_3G_l28zJJ1Hurw_adelante.jpg,Nestor_Gambetta,Ida,29,Fair
pcwRJAaqz3SxFEFC1WiRLg_atras.jpg,Bertello,Ida,UM-11,Fair
V4g9kjVEets9hKvmVoOVvw_atras.jpg,Marañon,Ida,UM08,Poor
DqMS9Rz3gyoKUhpQOw3NAw_adelante.jpg,Nestor_Gambetta,Vuelta,51,Fair
uh6mK--w90n9wajM0kLvpg_adelante.jpg,Nestor_Gambetta,Vuelta,12,Fair
cb4bfcAzjxbVx4KRLYy8IQ_atras.jpg,Nestor_Gambetta,Ida,47,Poor
vF_8bKnArBKSvoCXfJIN6g_atras.jpg,Nestor_Gambetta,Ida,63,Poor
vTw8m20auva6GfxObvmA6g_atras.jpg,Nestor_Gambetta,Vuelta,3,Fair
2K2-dWybiq3EjaGgjkFUdw_adelante.jpg,Nestor_Gambetta,Vuelta,32,Fair
YCKICoH8hDAgKwglzTnhLw_atras.jpg,La_Revolucion,Ida,UM 21,Fair
YzOBxOb3NgXNSOk4shhRYw_adelante.jpg,Nestor_Gambetta,Ida,23,Fair
WKa6WFcpM-3j-QJffQ-8XQ_atras.jpg,San_Juan,Ida,U-10,Poor
HUW14WvfNvxq2aX_UFkGvA_adelante.jpg,Nestor_Gambetta,Ida,39,Poor
WBmizQ131eX_aBvPvYlDeA_atras.jpg,Republica_de_Polonia,Vuelta,UM-15,Good
K2lTYAdW-JmmDNUNrZBXHA_atras.jpg,Nestor_Gambetta,Ida,21,Fair
a5B1xQFHjeEFahyCCEsLxw_atras.jpg,Nestor_Gambetta,Ida,20,Fair
hIOFZNuQWI0O--ueBr6SZQ_adelante.jpg,Sangarara,Vuelta,B-5,Fair
guYXRq0YgtbkCTeKxBUPdA_adelante.jpg,Nestor_Gambetta,Ida,11,Fair
JS2GWeNDvsU-Hj8HT-s4iQ_atras.jpg,Republica_de_Polonia,Ida,UM-07,Poor
WpVg8hwnH45paLOc4ECFrw_atras.jpg,Nestor_Gambetta,Ida,5,Fair
s_OlT5SD8unpIxQ7lh4nHw_adelante.jpg,Republica_de_Polonia,Vuelta,UM-16,Good
JpGvA4h2ieXAK7Vee1Ujzw_atras.jpg,La_Revolucion,Ida,UM 07,Fair
N00voOFk0a3CTDjx0vXCoA_adelante.jpg,Nestor_Gambetta,Ida,3,Fair
fC_frntYAx0yo2pojrN66w_atras.jpg,Nestor_Gambetta,Vuelta,12,Fair
wMtHkjLUyQ8qXC0nr69Ynw_atras.jpg,La_Revolucion,Ida,UM 04,Fair
8-bHazXTFeVWaZQM_5PYJQ_adelante.jpg,San_Juan,Ida,U-11,Fair
yeDxNkWeuUppEwDV7a9DrA_atras.jpg,Nestor_Gambetta,Vuelta,6,Fair
rkLqoraLRwQ9PWwNKJitNQ_atras.jpg,Marañon,Ida,UM15,Very Poor
cjqzYyUbtjkq3inZbymRkg_atras.jpg,Bertello,Ida,UM-45,Poor
_9Vy4t41Ahk7yEyA3lVnEw_atras.jpg,Nestor_Gambetta,Ida,10,Fair
8KBEcld505rdmvqUEUDsxw_adelante.jpg,Nestor_Gambetta,Ida,28,Fair
V1a_hB8JBx7n1oFqJlKtxg_adelante.jpg,La_Revolucion,Ida,UM 10,Poor
i7VqeYdVbuFl2UYHDcTUDA_atras.jpg,La_Revolucion,Ida,UM 32,Poor
fp9gysD1LNbCRctGewo9oQ_atras.jpg,Republica_de_Polonia,Ida,UM-02,Poor
lo2Ywe75PfITG0VyjgB_yg_atras.jpg,Republica_de_Polonia,Ida,UM-06,Fair
RrAW1QPA7lx8iwBxuelMxQ_atras.jpg,Marañon,Ida,UM02,Poor
sI3ZI4UIVYVDK-5UlG-s3w_atras.jpg,Republica_de_Polonia,Vuelta,UM-24,Good
i2pObnyF-O7iXw2librvyQ_adelante.jpg,Sangarara,Ida,A-7,Fair
ROgNf9z6V7yWRadbl-26qg_atras.jpg,Nestor_Gambetta,Vuelta,18,Poor
pKq58MSncGCjhFLpMreQgw_adelante.jpg,Nestor_Gambetta,Ida,30,Fair
Kykye4yhAuUsTo_buuoN_g_atras.jpg,Nestor_Gambetta,Ida,38,Poor
OiwP6vF_9ATCCn_LXGpoPA_atras.jpg,Bertello,Ida,UM-42,Poor
KjI5kDjhW0N4RXMlLbzLJQ_atras.jpg,Nestor_Gambetta,Ida,54,Fair
V8BUCtIu-9reDJBRm2v1qg_atras.jpg,Los_Conquistadores,Ida,010,Good
ERcxTICvzuKj3aanbaLMRA_adelante.jpg,Marañon,Ida,UM20,Poor
9zaj9Zy-UyRCxO3sK63ovg_adelante.jpg,Nestor_Gambetta,Vuelta,34,Poor
m6m154stv2ywFHdg3dr_zA_atras.jpg,Nestor_Gambetta,Ida,16,Fair
zlsMpYu7YDhtVisCZZCauA_atras.jpg,Nestor_Gambetta,Vuelta,26,Fair
Wv-uunDXneRqDiVZnHflqQ_atras.jpg,Gnral_Hoyos_Rubio,Ida,UM-01,Fair
XiNSXEw2gBHb9mSr__43-g_adelante.jpg,Nestor_Gambetta,Vuelta,60,Fair
ZDZZe6m3ANcV6lcgzuswpA_adelante.jpg,San_Juan,Vuelta,U-10,Fair
9rfq4x0rPlP2Rz3fkw9qwg_atras.jpg,La_Revolucion,Ida,UM 25,Poor
bOWu1RMoERlF3HF7ftzrng_atras.jpg,Bertello,Ida,UM-14,Fair
i7VqeYdVbuFl2UYHDcTUDA_adelante.jpg,La_Revolucion,Ida,UM 32,Poor
N00voOFk0a3CTDjx0vXCoA_atras.jpg,Nestor_Gambetta,Ida,3,Fair
A0VslgXJUXUb4S0wP5KJzQ_atras.jpg,Nestor_Gambetta,Ida,18,Fair
1hSmwpxacWhfumHzwzFKSQ_adelante.jpg,Nestor_Gambetta,Vuelta,42,Poor
HLWgLnymBraLKeP5cf6sGw_adelante.jpg,Nestor_Gambetta,Vuelta,3,Fair
HlUmc_8m8CZ65s8QfsqKZQ_atras.jpg,Republica_de_Polonia,Ida,UM-06,Fair
B1UuHRsoz2gGXMZzYrrdEQ_adelante.jpg,Bertello,Ida,UM-10,Poor
bjicdcM4JpFlomvjT724gg_adelante.jpg,San_Juan,Vuelta,U-01,Fair
t5uN3gDsaWgdPdHrNeaj3w_atras.jpg,Nestor_Gambetta,Vuelta,26,Fair
8imQiYqRYe8ZYkdS9ma1oA_atras.jpg,La_Revolucion,Ida,UM 35,Fair
x70ZslZBPl-gb4q3HymObw_adelante.jpg,Nestor_Gambetta,Vuelta,31,Fair
fg7NIQOtaR4qItEN9IEnWA_adelante.jpg,Nestor_Gambetta,Vuelta,73,Fair
VHCl9vQU5fMFeIWzXDblIw_adelante.jpg,San_Juan,Vuelta,U-03,Fair
f846sZrqeZlZpNUyXzc6sg_adelante.jpg,Nestor_Gambetta,Ida,60,Poor
xiodKVmByaaK__tabYYkMA_adelante.jpg,Nestor_Gambetta,Vuelta,3,Fair
-EF2eOIrsjNVeIXKEsbp5g_adelante.jpg,La_Revolucion,Ida,UM 11,Fair
eezrX2R8is7rT_fSy3zCLw_atras.jpg,La_Revolucion,Ida,UM 21,Fair
7wTwITE_aq-0fyntB4THTQ_atras.jpg,Bertello,Ida,UM-36,Poor
f_Z3UJd9qVH3dqPw6Akb9A_atras.jpg,Nestor_Gambetta,Vuelta,40,Poor
NvMUtFTRqriEJkZEVtdi9g_adelante.jpg,Nestor_Gambetta,Ida,50,Poor
p56aFh2GJxsJi7Lk9qZ71g_atras.jpg,La_Revolucion,Ida,UM 05,Fair
3K21VHf1xOhT2bcqpYBQBQ_atras.jpg,San_Juan,Vuelta,U-01,Fair
CAxOnuI9EYQjAoOLpDeGIg_atras.jpg,Marañon,Ida,UM04,Poor
xNnX8We4ua1AQfq_tPklHg_adelante.jpg,Sangarara,Vuelta,B-13,Fair
c0NYzptTSGy4_iE7yvTGJw_adelante.jpg,La_Revolucion,Ida,UM 12,Fair
ijJttLsw5CgSrjqIiPw0ng_adelante.jpg,Nestor_Gambetta,Ida,38,Poor
BfeNTFXyEsykMUW6gD2mlA_atras.jpg,Bertello,Ida,UM-39,Very Poor
VqD8NBKyz-B4ary6lSg60g_atras.jpg,Nestor_Gambetta,Vuelta,10,Fair
NKPflWTkNBeOUj_Wb_PanA_atras.jpg,Nestor_Gambetta,Ida,14,Fair
yLsxS1kijMVJ8-zuVb1Tww_atras.jpg,Nestor_Gambetta,Vuelta,53,Fair
vafsw8HjVc-8pkZl7Xi0yQ_adelante.jpg,Gnral_Hoyos_Rubio,Ida,UM-06,Very Poor
xGyxVE0S11BCWImyB4IelA_atras.jpg,La_Revolucion,Ida,UM 11,Fair
NLTGTMBHTK7XeDZLX47vmQ_atras.jpg,San_Juan,Vuelta,U-11,Fair
8Ibh_ByjeR0q2A3pWJOLFA_atras.jpg,Nestor_Gambetta,Ida,44,Poor
jt5CeSqSUKM5M9m32kWmHg_adelante.jpg,Nestor_Gambetta,Vuelta,14,Fair
y6j4_SQ7BYWpYROLOIFG6Q_atras.jpg,Gnral_Hoyos_Rubio,Ida,UM-07,Very Poor
M0ycRhMLTft1PPgRjqlaEg_atras.jpg,Nestor_Gambetta,Ida,49,Fair
04ercsACp2q_rKZKkXZxag_atras.jpg,Nestor_Gambetta,Vuelta,17,Poor
iwtb_Vd4kGsedy4fgQT6fQ_adelante.jpg,Nestor_Gambetta,Ida,5,Fair
_lB9gVsGZI4InbETFJe1Eg_atras.jpg,Nestor_Gambetta,Vuelta,72,Fair
_TMJKtXXDeEzX57e20nF4A_adelante.jpg,Nestor_Gambetta,Ida,12,Fair
JZtzqszntz6qtHVbvHknhQ_atras.jpg,Nestor_Gambetta,Vuelta,45,Poor
Sa3yce8o2o1E3PqhtOVKhQ_adelante.jpg,Nestor_Gambetta,Vuelta,53,Fair
a9VL5fy_GWRhLxpFi2xkvg_atras.jpg,Marañon,Ida,UM09,Very Poor
u39TxRPqQ4CZf_f-F4U-JA_atras.jpg,San_Juan,Ida,U-05,Poor
thKUlaMXo9809fscxrOtZg_adelante.jpg,La_Revolucion,Ida,UM 16,Poor
JPOcgyjbVLK0EYvpeh0iNw_adelante.jpg,Nestor_Gambetta,Ida,9,Fair
4GdCFPQsWq0nJs4qbfkAHQ_atras.jpg,Gnral_Hoyos_Rubio,Ida,UM-13,Good
K1GPMPVb7oaUAHaYYzlAAA_adelante.jpg,San_Juan,Vuelta,U-09,Poor
BfeNTFXyEsykMUW6gD2mlA_adelante.jpg,Bertello,Ida,UM-39,Very Poor
1sHomfP8SB8ftC4VlWpJUw_atras.jpg,Nestor_Gambetta,Vuelta,46,Fair
hF3YEDX74pX5DxAldQsM-g_adelante.jpg,Nestor_Gambetta,Vuelta,21,Fair
dZ3QIvon48y_fMntj6k8eA_atras.jpg,Nestor_Gambetta,Vuelta,27,Fair
g6KqB3RWXzXjzKJHCKlVjw_atras.jpg,Bertello,Ida,UM-16,Fair
XkocDje58jh8EY3m-yTcnw_atras.jpg,Nestor_Gambetta,Vuelta,16,Fair
phlvhrH31I7EJlTyJFz7jA_adelante.jpg,Nestor_Gambetta,Ida,70,Fair
-VIqFNOXRyQYGYpzAeSX0w_atras.jpg,Los_Conquistadores,Ida,005,Good
95iOh0U20NJ7ratsRam1nA_adelante.jpg,Nestor_Gambetta,Ida,12,Fair
cvEOYVc2KJ47acViWVosTw_adelante.jpg,Nestor_Gambetta,Ida,25,Poor
gg_mtZSvcAyE6zW0UmKTuQ_adelante.jpg,Nestor_Gambetta,Vuelta,34,Poor
btthiaSzOxaX_nJIFcmUFQ_adelante.jpg,Gnral_Hoyos_Rubio,Ida,UM-10,Fair
2h-R7fGMUrurSF9O8P1Gig_adelante.jpg,Los_Conquistadores,Ida,004,Good
UrEqgqIokBQx39Y_PjRECg_atras.jpg,Nestor_Gambetta,Ida,10,Fair
1thlBoE4ubJxv-zthu64hw_atras.jpg,Nestor_Gambetta,Vuelta,68,Fair
tGOsCAJ00GQ6GMKtsRnYNQ_atras.jpg,Nestor_Gambetta,Vuelta,65,Fair
3OoxK_scUu_m2zwI1PZ9FQ_atras.jpg,Republica_de_Polonia,Vuelta,UM-15,Good
XQX9tQOtb408_QHOcYRmuA_atras.jpg,La_Revolucion,Ida,UM 01,Fair
yh72viPhBXJFRaEbjKbo2A_atras.jpg,Gnral_Hoyos_Rubio,Ida,UM-09,Fair
btthiaSzOxaX_nJIFcmUFQ_atras.jpg,Gnral_Hoyos_Rubio,Ida,UM-10,Fair
1tSglSc5aZU-NH_uuGMtkA_atras.jpg,Nestor_Gambetta,Ida,59,Poor
kIYKCz_XfVa1DR9J5MbQTg_adelante.jpg,Nestor_Gambetta,Ida,55,Poor
geVN9LoDyrUH6IO8eE6N-A_atras.jpg,Sangarara,Ida,A-2,Poor
5V84N4f7c_JaJXoA-_8gXw_adelante.jpg,Republica_de_Polonia,Vuelta,UM-22,Good
Zctp49MYA2yZpeE9LbMsyg_adelante.jpg,Nestor_Gambetta,Vuelta,5,Fair
oI_ZXXxFAutZE6ceCDOEmg_adelante.jpg,Gnral_Hoyos_Rubio,Ida,UM-04,Very Poor
Lrp8wksNxwwYllFdxM5vSw_atras.jpg,La_Revolucion,Ida,UM 24,Poor
7cFjmh0H6cFAbzKHArtUjw_atras.jpg,Republica_de_Polonia,Ida,UM-07,Poor
-YjQjsZzopqz1k6pZ3CM0g_atras.jpg,Nestor_Gambetta,Ida,74,Fair
UvW_LIbT_ae7V6wGWONiRw_atras.jpg,Nestor_Gambetta,Ida,63,Fair
KKmPKHPUoNT1YToYNiHUEA_adelante.jpg,Marañon,Ida,UM13,Poor
RW1jR70X-7Ki-NJD-nB-ug_atras.jpg,La_Revolucion,Ida,UM 28,Fair
7uq8t8d6lU2gCpJVf_dVCg_adelante.jpg,Nestor_Gambetta,Ida,25,Poor
s_OlT5SD8unpIxQ7lh4nHw_atras.jpg,Republica_de_Polonia,Vuelta,UM-16,Good
uXEx8ZTOaYYTB2C94rYBhw_adelante.jpg,Marañon,Ida,UM18,Very Poor
NdSquJc8HPjSCQjyXU8RCA_atras.jpg,Nestor_Gambetta,Ida,2,Fair
Uwwzb3QjepxCYkMdYM1AOw_adelante.jpg,Nestor_Gambetta,Vuelta,56,Fair
LD12DX99zjn-T_qXoi5rbA_adelante.jpg,Republica_de_Polonia,Vuelta,UM-17,Good
XXR6BKQQ2CuFMmrSmsVvRg_adelante.jpg,Nestor_Gambetta,Vuelta,66,Fair
5oYtrXKiVdcR-Vzyq2qsKg_atras.jpg,Sangarara,Ida,A-11,Fair
3hyIHuaE_PE7Kaj5vR22Bw_adelante.jpg,Nestor_Gambetta,Ida,57,Poor
7zhxLmOmGBnhGy6ZHp1jkA_adelante.jpg,Nestor_Gambetta,Vuelta,34,Poor
r50wE31T-CAveu9R22dnMw_atras.jpg,Los_Conquistadores,Ida,010,Good
1o4evrKZTUF_4gb5IvXiVw_adelante.jpg,La_Revolucion,Ida,UM 20,Fair
_7gzfzKImLpXSKnXADb44A_adelante.jpg,Nestor_Gambetta,Ida,67,Fair
WA3O6ZuWbpGb9Z_7o69_Tw_adelante.jpg,Bertello,Ida,UM-25,Fair
XkocDje58jh8EY3m-yTcnw_adelante.jpg,Nestor_Gambetta,Vuelta,16,Fair
7GZobBDupyEKe1L9tqTxNA_atras.jpg,Nestor_Gambetta,Ida,51,Fair
OiwP6vF_9ATCCn_LXGpoPA_adelante.jpg,Bertello,Ida,UM-42,Poor
tzo0oOtgPBtvsCzOCTkBcQ_atras.jpg,Carretera_A_Los_Delfines,Ida,UM-55,Poor
iDPL4q743dUEmOCNoqIWwg_adelante.jpg,Bertello,Ida,UM-44,Poor
qcwnZzVIET5WIQzAyOsNQA_atras.jpg,La_Revolucion,Ida,UM 22,Poor
BdZjhaPLieOSsqKa5AhFqA_adelante.jpg,Republica_de_Polonia,Vuelta,UM-20,Fair
V1a_hB8JBx7n1oFqJlKtxg_atras.jpg,La_Revolucion,Ida,UM 10,Fair
oQmi6o5XE-reDczfzc7aKA_adelante.jpg,Bertello,Ida,UM-08,Poor
yh72viPhBXJFRaEbjKbo2A_adelante.jpg,Gnral_Hoyos_Rubio,Ida,UM-09,Fair
FHkdmOJVgVaKJrWAPzIA1Q_atras.jpg,Bertello,Ida,UM-17,Poor
hlgNkl8kpgExhRWWjq_lMg_atras.jpg,Nestor_Gambetta,Ida,3,Fair
9keE1_rG_B5tK6qv1bpAkw_adelante.jpg,Nestor_Gambetta,Vuelta,35,Poor
TS9JgE6bP4POZPWZRQQo_Q_adelante.jpg,San_Juan,Vuelta,U-02,Poor
gegNi5OmBpL0vjsZJ9bVrQ_adelante.jpg,San_Juan,Ida,U-04,Poor
KR5eH3j6Hcc-eAR5wYGokQ_atras.jpg,San_Juan,Vuelta,U-01,Fair
Bopu04--k3tkQRqLmhKQdQ_atras.jpg,Bertello,Ida,UM-16,Fair
rmQ93tHhwX8jGNLysmlpew_adelante.jpg,Nestor_Gambetta,Ida,73,Fair
rqt6eg2sNkSapLf5mUhuVA_atras.jpg,Republica_de_Polonia,Vuelta,UM-16,Good
VyS-2PcUT3_M0XxCu3tGNA_atras.jpg,Nestor_Gambetta,Ida,15,Fair
mO3YpSYReqGy8sMtBkzL9Q_adelante.jpg,Sangarara,Vuelta,B-8,Fair
MlCin1JNHsmN-EdA4FhyoQ_atras.jpg,Sangarara,Ida,A-3,Fair
ozvzgnVlYxA2WFr7pSnukA_atras.jpg,Los_Conquistadores,Ida,006,Poor
9C-ouSwvDxVP_VSyofSd0Q_adelante.jpg,Nestor_Gambetta,Ida,47,Poor
-K0uzXiwOGPYsT-Lbrz3uA_atras.jpg,Nestor_Gambetta,Ida,68,Poor
QA2_VztiyJz5myVsX4O_nw_atras.jpg,Nestor_Gambetta,Vuelta,25,Fair
GI95eU3Hfi_zkqiHdmuPMw_adelante.jpg,Gnral_Hoyos_Rubio,Ida,UM-13,Fair
wVqN1OeydXJQFW5LyqOcLg_atras.jpg,Republica_de_Polonia,Ida,UM-04,Poor
mYkE4Rhl2zehAxtwFG_e9w_atras.jpg,Nestor_Gambetta,Ida,37,Poor
4JP3W7jZ2Iq6s0mJXXtnbA_adelante.jpg,Nestor_Gambetta,Ida,71,Fair
3IZJaXJcf3nAJwzUhxgJIw_atras.jpg,Gnral_Hoyos_Rubio,Ida,UM-13,Fair
TfOlPVjbQo-88BoQKiN_lA_adelante.jpg,Nestor_Gambetta,Ida,31,Fair
jUAhY6_RU9C45ZtMVIeDxw_atras.jpg,Republica_de_Polonia,Ida,UM-04,Poor
qpSAwMjgD8eq6WDJAm1xjg_adelante.jpg,Bertello,Ida,UM-29,Poor
o__zg91Sld4-MrKUzj9cng_adelante.jpg,Nestor_Gambetta,Vuelta,51,Fair
o78ZcWan1KjSvjo27CaTwQ_atras.jpg,La_Revolucion,Ida,UM 36,Fair
Gsmmr6lfUoL_NkBxDChHYw_atras.jpg,Nestor_Gambetta,Vuelta,4,Fair
x6CWBy6eyZJFwaUeuPzn_g_atras.jpg,La_Revolucion,Ida,UM 31,Poor
BOpOXi7JsQ4dcPMqZv0VSw_atras.jpg,Los_Conquistadores,Ida,010,Good
-jSpRjlkJE66_ghzBsTj-A_adelante.jpg,Bertello,Ida,UM-36,Poor
czPcGrh3IikYCak3mG3z7w_adelante.jpg,La_Revolucion,Ida,UM 31,Poor
-Wj40Yod_G-_5r0_ip82lg_adelante.jpg,Nestor_Gambetta,Ida,41,Poor
vafsw8HjVc-8pkZl7Xi0yQ_atras.jpg,Gnral_Hoyos_Rubio,Ida,UM-06,Very Poor
VEA31lSZIPLzjWaOdUY9Jg_adelante.jpg,Nestor_Gambetta,Vuelta,67,Fair
upGAoxzNHerKgoxn_xQU9g_atras.jpg,La_Revolucion,Ida,UM 01,Very Poor
ZkmDtF9I6EpMke1lIEuZzA_adelante.jpg,La_Revolucion,Ida,UM 34,Poor
YzOBxOb3NgXNSOk4shhRYw_atras.jpg,Nestor_Gambetta,Ida,23,Fair
iHhBJAazbjDuh2q3_Y0_lA_adelante.jpg,Republica_de_Polonia,Ida,UM-03,Poor
8IB1qLsNiDtVp-WHw8GNsA_atras.jpg,La_Revolucion,Ida,UM 10,Fair
5xwO01DwS9DELBcrr-akow_atras.jpg,La_Revolucion,Ida,UM 29,Poor
bBvxIplV--tHJWwiPWFyRg_adelante.jpg,Nestor_Gambetta,Ida,33,Poor
qWvxZ1yPxUi3gD9P305alg_adelante.jpg,Gnral_Hoyos_Rubio,Ida,UM-09,Fair
7BeHOzP0BvCahG33FF85aw_adelante.jpg,Bertello,Ida,UM-15,Fair
-ozyMJBtjVKWlsTAkQW3Sw_atras.jpg,Nestor_Gambetta,Vuelta,33,Poor
8QzYLJJ4FqaDDymtjA3-qg_adelante.jpg,Nestor_Gambetta,Vuelta,31,Fair
WPSydEmcKo2MqinfBhqTtg_adelante.jpg,Marañon,Ida,UM17,Very Poor
Godv-O-FAnPf8Rl1rZZCOw_atras.jpg,Nestor_Gambetta,Vuelta,21,Fair
GHtt6jy6RxTx2woq_VuIeQ_atras.jpg,Nestor_Gambetta,Vuelta,40,Poor
el8gwinY1Ss2IEdcp4QDGg_atras.jpg,Republica_de_Polonia,Vuelta,UM-21,Fair
P8a8PcUFJcVw0r7_s3suTg_adelante.jpg,San_Juan,Vuelta,U-06,Fair
DR8BA8I4YSfZT6Kc46Bjkw_adelante.jpg,Nestor_Gambetta,Ida,4,Fair
XVmsEyjoOLb3MkQFuDw5pg_adelante.jpg,Nestor_Gambetta,Vuelta,7,Fair
4USWbtNvjPMmA0LvtKylmQ_atras.jpg,Nestor_Gambetta,Ida,21,Fair
WpPRbPjVzPGaTB97nPnruQ_atras.jpg,Nestor_Gambetta,Ida,66,Fair
VZj6pmulrcoXySqZ1eLG1A_atras.jpg,La_Revolucion,Ida,UM 20,Fair
YE-Efo8e-yxno0DMNhg0Ew_adelante.jpg,Los_Conquistadores,Ida,016,Good
ye1-7wDRTxBO9BtQyyhDIQ_atras.jpg,Nestor_Gambetta,Ida,27,Fair
QWYH631QjQ7vX06Mol6zkA_adelante.jpg,Los_Conquistadores,Ida,011,Good
Nf2vbyOBwro_bnvJiDaOSw_atras.jpg,Nestor_Gambetta,Vuelta,71,Fair
HhvUuazI7rjy8At2IKW-ZQ_adelante.jpg,Nestor_Gambetta,Vuelta,36,Poor
7GZobBDupyEKe1L9tqTxNA_adelante.jpg,Nestor_Gambetta,Ida,51,Fair
abgLnZkyTFeF9xegH85z6A_atras.jpg,Nestor_Gambetta,Vuelta,54,Fair
pIa2eepyvJKHBEjYwawy-A_atras.jpg,Republica_de_Polonia,Vuelta,UM-14,Good
95iOh0U20NJ7ratsRam1nA_atras.jpg,Nestor_Gambetta,Ida,12,Fair
65CI9v1iuHOsfaczjVLNoA_atras.jpg,Republica_de_Polonia,Ida,UM-12,Good
eEOXVeNfBxBX4XIdoW1WwQ_atras.jpg,Nestor_Gambetta,Vuelta,42,Poor
9C-ouSwvDxVP_VSyofSd0Q_atras.jpg,Nestor_Gambetta,Ida,47,Poor
vpahzzomUhWE8I066OsNCg_adelante.jpg,Republica_de_Polonia,Vuelta,UM-13,Good
45tZV-DCvc-XN92c-27AeQ_adelante.jpg,Nestor_Gambetta,Ida,6,Poor
zzzUIyszqfPcS1EZuQ7Anw_atras.jpg,Nestor_Gambetta,Ida,59,Poor
2U4iMe0fxVzt3rFfm9UUSg_adelante.jpg,Sangarara,Vuelta,B-10,Poor
jkSg8IpCErPPIQqD_Ba51w_adelante.jpg,Nestor_Gambetta,Ida,8,Fair
VDosUygNE795BrNfT6XO4w_atras.jpg,Nestor_Gambetta,Ida,20,Fair
Uvy8l_falNp39-CVB9vxbg_atras.jpg,San_Juan,Vuelta,U-05,Fair
QBnVQj6Q-cjt24vIKbjtHA_adelante.jpg,Nestor_Gambetta,Vuelta,36,Poor
UWLpga6uC-pmG_ehhQJ6mw_adelante.jpg,Nestor_Gambetta,Vuelta,30,Fair
vI5JHVNJ5pGJsqMWqvojHA_atras.jpg,Nestor_Gambetta,Vuelta,30,Fair
7H-ijdjKP5v3KMjmSv7M5A_adelante.jpg,Nestor_Gambetta,Ida,7,Poor
doOsGSdtJ2QZeCw6jTPj6g_adelante.jpg,Nestor_Gambetta,Ida,53,Fair
njCxPtpX1rAUBbt3zM_MJw_adelante.jpg,Nestor_Gambetta,Vuelta,1,Fair
QXfngdUuwsa1tbcIncZ_uQ_atras.jpg,Nestor_Gambetta,Ida,15,Fair
kzydvw1W7TRAeFc_nl99pA_adelante.jpg,Nestor_Gambetta,Vuelta,43,Poor
0gLlnPnXlyTVTAJVxOXVMg_atras.jpg,Nestor_Gambetta,Ida,35,Poor
MPU9QpbKGxWjP0LPAssMaA_atras.jpg,Nestor_Gambetta,Ida,59,Poor
9ikZD9mj8ZQTUxD4HWxMhQ_atras.jpg,Nestor_Gambetta,Vuelta,67,Fair
69fUF8w85-sJGetb62CbGw_adelante.jpg,Los_Conquistadores,Ida,008,Good
Z1ZO38Irp3LYckpxlzluFw_atras.jpg,San_Juan,Vuelta,U-10,Fair
qKs4aVS7aCBSY5lXPPkRAA_atras.jpg,Nestor_Gambetta,Ida,37,Poor
3ZMXdArhmcMaBgmXWXfVOw_atras.jpg,Marañon,Ida,UM05,Very Poor
STd6mKTGvyTzmlYK_y29Ug_atras.jpg,Nestor_Gambetta,Ida,64,Poor
BXORYKG7TZvR0FzQbppU1w_adelante.jpg,Republica_de_Polonia,Ida,UM-09,Poor
HFynwwRZaMBUqOGTEJfCQw_adelante.jpg,Nestor_Gambetta,Ida,72,Fair
1mrNbJ8DwQFK3qsj7eNELQ_adelante.jpg,Nestor_Gambetta,Vuelta,29,Poor
5sjOMJE97U7EkEOQ6PLUnw_adelante.jpg,Nestor_Gambetta,Ida,65,Fair
aFsuyQQY73kcIZZl23QrzQ_adelante.jpg,Republica_de_Polonia,Ida,UM-08,Poor
STd6mKTGvyTzmlYK_y29Ug_adelante.jpg,Nestor_Gambetta,Ida,64,Poor
Te4DsQ4se8gUXax14gt3-A_adelante.jpg,La_Revolucion,Ida,UM 29,Poor
mFb3aGzF5_206nl1zpil1w_adelante.jpg,Bertello,Ida,UM-24,Poor
V_3VeQdqFW0URU_R8CiTWw_adelante.jpg,Nestor_Gambetta,Vuelta,7,Fair
mS3t3Fc8a654IUpHdu3CLw_atras.jpg,Republica_de_Polonia,Ida,UM-11,Fair
8NXhk5IRHh2YFtFVO2bOXw_adelante.jpg,La_Revolucion,Ida,UM 30,Poor
ryYH3s-xsez0NlMxxdhJ0Q_atras.jpg,Nestor_Gambetta,Vuelta,5,Fair
pTa_5ovwUKJKlEnJHc2ERw_adelante.jpg,Nestor_Gambetta,Vuelta,60,Fair
CUTeYIt-oAH_OagJcJLubA_atras.jpg,Nestor_Gambetta,Vuelta,21,Fair
VDosUygNE795BrNfT6XO4w_adelante.jpg,Nestor_Gambetta,Ida,20,Fair
NfHmxcWDF3Fz4Qfynb8gUQ_adelante.jpg,Nestor_Gambetta,Vuelta,41,Poor
GQLVtZ9ClUB6qJrRChcyXg_adelante.jpg,Bertello,Ida,UM-44,Poor
pZKXxuKd4s0tp7pZsrEwtg_adelante.jpg,Marañon,Ida,UM12,Poor
asnPx7ReeBqaLeAQWCjROw_atras.jpg,Nestor_Gambetta,Ida,10,Fair
CHv1CtxzIP85TyTDmmXGmw_adelante.jpg,Nestor_Gambetta,Vuelta,31,Fair
cRGN7Iq3tajXlYjGbBbwdQ_atras.jpg,La_Revolucion,Ida,UM 19,Fair
SxxUxRNh4f9AeVT_5BM8Sg_adelante.jpg,Nestor_Gambetta,Vuelta,55,Fair
YiRZZlrvUOiyMdX9cHELFg_atras.jpg,Nestor_Gambetta,Ida,19,Fair
axkp4hPMvptOW16YKc4F2w_atras.jpg,Carretera_A_Los_Delfines,Ida,UM-43,Poor
BMsPub4RungfID79B_vXlQ_adelante.jpg,San_Juan,Ida,U-10,Poor
7cFjmh0H6cFAbzKHArtUjw_adelante.jpg,Republica_de_Polonia,Ida,UM-07,Poor
_v7Fzjqt0WTR0IaE_ol2_A_adelante.jpg,San_Juan,Ida,U-11,Fair
01GKIFUkCUpAoL8UiNaZNg_adelante.jpg,Bertello,Ida,UM-40,Poor
7U4yFy-oy2-zETmz1bpgHQ_adelante.jpg,Bertello,Ida,UM-03,Poor
03It4LILbpcakp6Ia_vA9A_adelante.jpg,Nestor_Gambetta,Vuelta,66,Fair
fX8S8lAwP4m3cOoPtESiDw_atras.jpg,Nestor_Gambetta,Ida,52,Fair
SSLQQzAt7doWgBaqL_AtAw_atras.jpg,La_Revolucion,Ida,UM 19,Fair
_-ljHf66vB2n8CW2BkugNw_atras.jpg,La_Revolucion,Ida,UM 27,Poor
45tZV-DCvc-XN92c-27AeQ_atras.jpg,Nestor_Gambetta,Ida,6,Poor
lzXDlQQBB3_g4TSWRpsW5g_adelante.jpg,Marañon,Ida,UM24,Poor
0CVuloKRNTnKM2Rbv_jM2A_adelante.jpg,Nestor_Gambetta,Vuelta,32,Fair
tWgSvKlbsGThvncjdgWLvQ_adelante.jpg,Nestor_Gambetta,Ida,4,Fair
6iSLiZwNCTmafiWBHzcA-Q_atras.jpg,Nestor_Gambetta,Ida,32,Fair
uymwShjb7xumy64_v6PXCA_adelante.jpg,Nestor_Gambetta,Ida,58,Poor
SmCP7d8aerW1cMcwXft0nw_adelante.jpg,Nestor_Gambetta,Ida,1,Fair
Tc7iYyoS0Hmj7uCCLSpyHQ_atras.jpg,Republica_de_Polonia,Vuelta,UM-21,Good
k5sQkToXUHFQ5H2wxKiHRA_adelante.jpg,Nestor_Gambetta,Vuelta,58,Fair
aWC_rxB5ZIIfUTfSXuBTsg_adelante.jpg,Nestor_Gambetta,Vuelta,70,Fair
SgEGVmAAkAdCLPAMDfvYmA_adelante.jpg,San_Juan,Vuelta,U-05,Fair
Vl1gx3iwX6czaNIjqdnEFQ_atras.jpg,Nestor_Gambetta,Ida,40,Poor
ET-Bc_xo7PfYzoiDEVHvUg_adelante.jpg,Nestor_Gambetta,Ida,71,Fair
NFx0S46MDlN3c5OMTBtutA_adelante.jpg,Nestor_Gambetta,Vuelta,32,Fair
RJNS5iq9QLzVUO-XxaY38w_adelante.jpg,Nestor_Gambetta,Vuelta,7,Fair
03It4LILbpcakp6Ia_vA9A_atras.jpg,Nestor_Gambetta,Vuelta,66,Fair
kkWCGZu7UizPbIzEfbuiRw_adelante.jpg,Los_Conquistadores,Ida,001,Fair
WHMPcTcb95KNHWRn3E8vRQ_atras.jpg,Nestor_Gambetta,Ida,57,Poor
w85x2bGH5LP2sOTasSJGwA_adelante.jpg,Nestor_Gambetta,Ida,52,Fair
uD5tJVg3Kv90xW4tifeKXw_adelante.jpg,Nestor_Gambetta,Ida,46,Fair
RMqRci18WerCmlMGcQ3gdw_adelante.jpg,Gnral_Hoyos_Rubio,Ida,UM-02,Very Poor
VhMCBrKeXlGtOdfttWdcoA_atras.jpg,Sangarara,Ida,A-14,Fair
TTLzsgmlI_Q2JQmqbD8ElA_atras.jpg,Nestor_Gambetta,Ida,75,Fair
wJT0uMucxlp7Yw4jVO1Zyw_atras.jpg,Gnral_Hoyos_Rubio,Ida,UM-12,Fair
Zh739BIOU85oWhvKidM1Hw_atras.jpg,Nestor_Gambetta,Ida,49,Fair
0sWQ7T1er3oVbsbJK97d0Q_adelante.jpg,Nestor_Gambetta,Ida,55,Poor
ot8TGEjWjZbOYpw6jGGfoA_atras.jpg,La_Revolucion,Ida,UM 22,Poor
OBPd7ibYQPh4GgsfDMk9tg_atras.jpg,Nestor_Gambetta,Vuelta,58,Fair
zCJRr6StaCuK11M-b54FOg_atras.jpg,Bertello,Ida,UM-42,Poor
IZVikeoXCP5NjOWIz-sWig_adelante.jpg,Nestor_Gambetta,Ida,21,Fair
-zQiqQvrLdyfHCRpr7-vaQ_adelante.jpg,Carretera_A_Los_Delfines,Ida,UM-31,Fair
HNIpidBPkaNIbNpax0CmhQ_atras.jpg,Republica_de_Polonia,Ida,UM-09,Poor
_9Vy4t41Ahk7yEyA3lVnEw_adelante.jpg,Nestor_Gambetta,Ida,10,Fair
T9abaqxdhHjVoZBOK9azjg_adelante.jpg,San_Juan,Vuelta,U-02,Poor
Vck-Gd1Py773upL-3Bz3XA_atras.jpg,La_Revolucion,Ida,UM 19,Fair
pJOV68x6RiQEt9KcdsJZLQ_atras.jpg,Nestor_Gambetta,Ida,13,Fair
njCxPtpX1rAUBbt3zM_MJw_atras.jpg,Nestor_Gambetta,Vuelta,1,Poor
RrAW1QPA7lx8iwBxuelMxQ_adelante.jpg,Marañon,Ida,UM02,Poor
zLbt_A5QxYxOKWJIEcdxhA_atras.jpg,Bertello,Ida,UM-17,Poor
IxGZN6ayiQYQ55MMM7wpUw_atras.jpg,Gnral_Hoyos_Rubio,Ida,UM-02,Very Poor
HuTTBU4T15du3UXZFfcQow_atras.jpg,La_Revolucion,Ida,UM 12,Fair
v_zSYvyrJKA7_Yd33U5X_Q_atras.jpg,Sangarara,Ida,A-7,Fair
Xjdxs-Dsmno14XEYMGxcIA_adelante.jpg,Los_Conquistadores,Ida,002,Poor
sB4SXcQX77ImVdzEb_ghAg_adelante.jpg,Carretera_A_Los_Delfines,Ida,UM-67,Poor
NOlhf8o2c8Pdvz4Bnb91cw_adelante.jpg,Republica_de_Polonia,Vuelta,UM-23,Good
ekOwSmbzzO6khF1OFSO0rQ_atras.jpg,Nestor_Gambetta,Vuelta,37,Fair
gZEHM2vFTr8ce_tnSaEsCA_atras.jpg,Nestor_Gambetta,Ida,36,Poor
CUTeYIt-oAH_OagJcJLubA_adelante.jpg,Nestor_Gambetta,Vuelta,21,Fair
gmq0dfBac9pONsTeyEPfgg_adelante.jpg,La_Revolucion,Ida,UM 32,Poor
1hSmwpxacWhfumHzwzFKSQ_atras.jpg,Nestor_Gambetta,Vuelta,42,Poor
PtP9XSAu4kYSdwRNrCmH3Q_atras.jpg,Nestor_Gambetta,Vuelta,43,Poor
vfZBbI-G9aYYkttUbVhHsQ_adelante.jpg,Nestor_Gambetta,Ida,29,Fair
NXvCjDTVtL-Hv0XOqD6wyw_adelante.jpg,Bertello,Ida,UM-30,Poor
KKmPKHPUoNT1YToYNiHUEA_atras.jpg,Marañon,Ida,UM13,Poor
KU-Udgy9WTlD30khmrWH4w_adelante.jpg,Gnral_Hoyos_Rubio,Ida,UM-07,Very Poor
UH2E6eA_1iJ-emQcRQucoQ_atras.jpg,Nestor_Gambetta,Vuelta,64,Fair
bjicdcM4JpFlomvjT724gg_atras.jpg,San_Juan,Vuelta,U-01,Fair
SHiZDuXRAvPgKWs1W8pfmA_adelante.jpg,Nestor_Gambetta,Vuelta,14,Fair
sIZXSdqwbRc_ibaw5v2S0w_adelante.jpg,Sangarara,Ida,A-6,Fair
bcpOAauJlrIasPwkciFVxA_adelante.jpg,La_Revolucion,Ida,UM 04,Fair
AxTOlwzhMg4642tjQg-Irw_adelante.jpg,Nestor_Gambetta,Ida,24,Fair
N6sRO8wHX3QKax_lGRShwQ_adelante.jpg,Nestor_Gambetta,Ida,7,Poor
uD5tJVg3Kv90xW4tifeKXw_atras.jpg,Nestor_Gambetta,Ida,46,Fair
VOgpQjGnl7L8TE3BYLjNMQ_adelante.jpg,Nestor_Gambetta,Ida,53,Fair
IW3qStnG-XF7IeUF11TK_w_adelante.jpg,Nestor_Gambetta,Ida,8,Fair
VLM8SyaujbdT41erke3_tQ_atras.jpg,Los_Conquistadores,Ida,005,Good
iLwCroinvdPezXuNCPKqHg_adelante.jpg,La_Revolucion,Ida,UM 17,Fair
el8gwinY1Ss2IEdcp4QDGg_adelante.jpg,Republica_de_Polonia,Vuelta,UM-21,Fair
es24eQjjhZeVJdeXwE6avw_adelante.jpg,Nestor_Gambetta,Ida,16,Fair
L1KvRp1rT7lYSV6LeuzZ4g_adelante.jpg,Nestor_Gambetta,Vuelta,15,Fair
OPakRco4f5yIWHWVX_khjg_atras.jpg,Republica_de_Polonia,Ida,UM-09,Poor
R89x0qSMYj8kBzzdpz6Kvg_adelante.jpg,Los_Conquistadores,Ida,007,Poor
YeAahZirm-eXbBaoeKU2Jg_adelante.jpg,Nestor_Gambetta,Ida,63,Poor
hlgNkl8kpgExhRWWjq_lMg_adelante.jpg,Nestor_Gambetta,Ida,3,Fair
OEiZ3J8a2478dxxBzOOqYw_adelante.jpg,Nestor_Gambetta,Ida,7,Poor
X9O_LmNTM1d53lPBVIalaA_atras.jpg,Nestor_Gambetta,Vuelta,71,Fair
mS3t3Fc8a654IUpHdu3CLw_adelante.jpg,Republica_de_Polonia,Ida,UM-11,Fair
wMtHkjLUyQ8qXC0nr69Ynw_adelante.jpg,La_Revolucion,Ida,UM 04,Fair
xYIe7JWZSUVZRbypHIvYgQ_adelante.jpg,Nestor_Gambetta,Ida,26,Fair
7vJ4vEg8CZCbC8WonYDVeA_atras.jpg,Sangarara,Vuelta,B-12,Fair
bxVeOUQsPojP2Ao2egmHWA_adelante.jpg,Nestor_Gambetta,Ida,52,Fair
oP3gFrmMep1GZUMNOaxxcA_atras.jpg,Nestor_Gambetta,Ida,61,Fair
9r7JcA8A6mKbRT7PtEiP4A_adelante.jpg,Gnral_Hoyos_Rubio,Ida,UM-03,Very Poor
ama1pbWBp6ET0_YS-pS_kg_adelante.jpg,Bertello,Ida,UM-41,Poor
x70ZslZBPl-gb4q3HymObw_atras.jpg,Nestor_Gambetta,Vuelta,31,Fair
tKLEK4tmsemA_CXlkhJ-4g_atras.jpg,Nestor_Gambetta,Vuelta,73,Fair
9ARjQLHkT-sczoUvwpM3qw_atras.jpg,Nestor_Gambetta,Ida,19,Fair
T9abaqxdhHjVoZBOK9azjg_atras.jpg,San_Juan,Vuelta,U-02,Poor
GReAUawH1VHKcZlzplQocw_atras.jpg,Nestor_Gambetta,Ida,41,Poor
WrkcCzmz4AMsDWKmpvqwUw_atras.jpg,Nestor_Gambetta,Vuelta,18,Poor
J8t6GRU-KGZHmX6RFXF6fA_atras.jpg,Nestor_Gambetta,Vuelta,4,Fair
cX_CZsDs6MZm-PzjhN_7eA_adelante.jpg,Nestor_Gambetta,Ida,36,Poor
nqBFzIgZSzOY_vm4sZTt0A_atras.jpg,La_Revolucion,Ida,UM 17,Fair
Xi1SKVQ9Js4twDhHlyA8AA_adelante.jpg,Nestor_Gambetta,Ida,57,Poor
rqt6eg2sNkSapLf5mUhuVA_adelante.jpg,Republica_de_Polonia,Vuelta,UM-16,Good
FHkdmOJVgVaKJrWAPzIA1Q_adelante.jpg,Bertello,Ida,UM-17,Poor
ot8TGEjWjZbOYpw6jGGfoA_adelante.jpg,La_Revolucion,Ida,UM 22,Fair
s2pXRVFmEYRkhumHd13MHQ_atras.jpg,Republica_de_Polonia,Ida,UM-04,Poor
KC25Y8T70UuajtsgLKOiHg_atras.jpg,Nestor_Gambetta,Vuelta,47,Fair
LLpX-Tfr0mHgmUho7NKCGQ_atras.jpg,Gnral_Hoyos_Rubio,Ida,UM-05,Very Poor
s-Eet2esfEc_NFxGGKWBkg_adelante.jpg,Bertello,Ida,UM-38,Poor
LRt5UQZscYa8RdQIjEHhrw_atras.jpg,Nestor_Gambetta,Ida,3,Fair
RqWMCRXDpYzSwyYIvdCbkA_adelante.jpg,Sangarara,Vuelta,B-2,Fair
VRsR7Znq0xa2ZCs2OBXjBQ_adelante.jpg,Nestor_Gambetta,Ida,53,Fair
LefwVZ_GKZ_Ea1_0P1IY8w_atras.jpg,Nestor_Gambetta,Vuelta,30,Fair
lYdAww7TB1grtNOFAJCJ7Q_adelante.jpg,Nestor_Gambetta,Ida,50,Poor
zE9OJ1wPFrSJaoW8NKDevA_atras.jpg,Gnral_Hoyos_Rubio,Ida,UM-13,Fair
JsaUHGF8HJyHjXLvQeFCrQ_adelante.jpg,Nestor_Gambetta,Vuelta,34,Poor
wUOTYYly2Sbof7Wr7_O3uQ_atras.jpg,Bertello,Ida,UM-42,Poor
kmDKsyV0rVoc0ThbI8tFbA_adelante.jpg,San_Juan,Vuelta,U-02,Poor
Re4TXG42XZ7z6MAlJt7vZg_atras.jpg,Nestor_Gambetta,Ida,36,Poor
RqWMCRXDpYzSwyYIvdCbkA_atras.jpg,Sangarara,Vuelta,B-2,Fair
306icby7Wc5rxZx-YIW85w_adelante.jpg,Bertello,Ida,UM-43,Very Poor
2HyqSjE6Ktx7CZXnoJxhpw_adelante.jpg,La_Revolucion,Ida,UM 31,Poor
axkp4hPMvptOW16YKc4F2w_adelante.jpg,Carretera_A_Los_Delfines,Ida,UM-43,Poor
w_ke0j7CfChss63rrQ3GUA_atras.jpg,Nestor_Gambetta,Vuelta,52,Fair
NRoXLCdwnRT5Tx3m10bEjQ_atras.jpg,Marañon,Ida,UM03,Poor
M4aFU1s-ILQzw05sp25DOA_adelante.jpg,Republica_de_Polonia,Vuelta,UM-20,Fair
Tk0ssTytWdzBTrCJ3314IQ_adelante.jpg,Nestor_Gambetta,Vuelta,55,Fair
zCJRr6StaCuK11M-b54FOg_adelante.jpg,Bertello,Ida,UM-42,Poor
QoKhqLAod854MwczWu2qOw_adelante.jpg,Sangarara,Ida,A-5,Fair
m724N4ZCIRVTZ0CfD6-S9Q_adelante.jpg,Nestor_Gambetta,Ida,62,Fair
xyFIlPnwKucMtgv-PnfKqw_atras.jpg,Nestor_Gambetta,Vuelta,61,Poor
9CHHEhUDX0Zr2dP9e01Qlg_adelante.jpg,Nestor_Gambetta,Ida,8,Fair
oPFFzObSjK-RjpJmPypvHQ_atras.jpg,Nestor_Gambetta,Ida,3,Fair
xiodKVmByaaK__tabYYkMA_atras.jpg,Nestor_Gambetta,Vuelta,3,Fair
elFcpkS0zBhI09AvDQVL5g_adelante.jpg,Republica_de_Polonia,Ida,UM-12,Good
iDPL4q743dUEmOCNoqIWwg_atras.jpg,Bertello,Ida,UM-44,Poor
NvMUtFTRqriEJkZEVtdi9g_atras.jpg,Nestor_Gambetta,Ida,50,Poor
uf_vEaCQWDVzkZl8WyK47w_adelante.jpg,Bertello,Ida,UM-09,Poor
J35PQMLcMFM_eDcxdOzDpg_atras.jpg,Nestor_Gambetta,Vuelta,31,Fair
pBtKtpbpXRReIL311NgK0Q_adelante.jpg,Bertello,Ida,UM-08,Poor
OuQMy0ysVnEtQiPMLLum-g_adelante.jpg,Nestor_Gambetta,Vuelta,43,Poor
060X0lBIm3pg1o1HgM7zfw_adelante.jpg,Nestor_Gambetta,Vuelta,48,Fair
_73ohHNKcF-WswZwdwo9Jw_atras.jpg,Carretera_A_Los_Delfines,Ida,UM-25,Very Poor
r73M9_VvANLJZc2akjyYSQ_adelante.jpg,Nestor_Gambetta,Vuelta,49,Fair
zhehWHKf0HzgLIxS2qF8xQ_atras.jpg,Nestor_Gambetta,Ida,13,Fair
ZDc8zBzmUMUhjZ-nHaXlAQ_adelante.jpg,Nestor_Gambetta,Ida,48,Poor
Mmd89Idnue4VGkYwRukuOA_atras.jpg,Sangarara,Vuelta,B-12,Fair
NZYWJ-MtbRJNMFOMSrugXg_adelante.jpg,Bertello,Ida,UM-37,Poor
bxVeOUQsPojP2Ao2egmHWA_atras.jpg,Nestor_Gambetta,Ida,52,Fair
6iSLiZwNCTmafiWBHzcA-Q_adelante.jpg,Nestor_Gambetta,Ida,32,Fair
T_i_L0jA7ojolzR04z88iA_atras.jpg,Bertello,Ida,UM-25,Poor
VyDR4xyf_SBbR5vhvV-8SA_atras.jpg,Republica_de_Polonia,Vuelta,UM-17,Fair
-HjQ-eEHwMaER94gJV9N_A_adelante.jpg,Nestor_Gambetta,Vuelta,20,Poor
jHKvZL_KW8ahC5lXsMeJqQ_adelante.jpg,Nestor_Gambetta,Ida,67,Fair
zxBO8nHi-B7zhNuwoJd-4Q_adelante.jpg,Nestor_Gambetta,Ida,20,Fair
NMnxTwEzI9INFVeMAshJEw_adelante.jpg,Bertello,Ida,UM-33,Poor
x9WtEBYYm5SUaWbuioww3Q_atras.jpg,Nestor_Gambetta,Ida,34,Fair
OndquBgB_e5bjGbc_m6bkA_adelante.jpg,Marañon,Ida,UM25,Very Poor
52uAOd3X6-36LyUaT1lTWA_adelante.jpg,Bertello,Ida,UM-10,Fair
i5h5YutBnT-i2exCoWMHPA_adelante.jpg,Nestor_Gambetta,Vuelta,62,Fair
I0lu5Yee3GFb0KFuHSjD0g_adelante.jpg,Los_Conquistadores,Ida,010,Good
lXNOz5oky4v1frX_xA40Yg_adelante.jpg,Nestor_Gambetta,Vuelta,40,Poor
IvEiICsPEZ8_-PZ_28L3zw_adelante.jpg,Nestor_Gambetta,Vuelta,44,Poor
P0itLUIMPB2ZyR5qYzxGSQ_atras.jpg,Nestor_Gambetta,Vuelta,24,Fair
Y5HkkD5FfhRZTj_kHO3gmQ_atras.jpg,San_Juan,Vuelta,U-08,Poor
WKo55FaXosuX1_cqk9f6Ng_adelante.jpg,Nestor_Gambetta,Ida,30,Fair
kIYKCz_XfVa1DR9J5MbQTg_atras.jpg,Nestor_Gambetta,Ida,55,Poor
NdSquJc8HPjSCQjyXU8RCA_adelante.jpg,Nestor_Gambetta,Ida,2,Fair
2Kxqywq3ciADKZd7cLGMWw_adelante.jpg,Gnral_Hoyos_Rubio,Ida,UM-10,Fair
UBB-TkjsdZiqVDOt4NTzhA_adelante.jpg,Marañon,Ida,UM06,Poor
XJyk-2mrGj_-SjsqynCy1A_atras.jpg,Nestor_Gambetta,Vuelta,74,Fair
OVl4JdVNYk41lXY-hl9BnQ_atras.jpg,La_Revolucion,Ida,UM 09,Fair
tbKFs5iH0-ZxXdv9Z0I0ew_atras.jpg,Marañon,Ida,UM09,Very Poor
mHkqbGBa2YY75oswqyqmWQ_adelante.jpg,Bertello,Ida,UM-11,Fair
97RbQNjF2-EeYVq3X8xBeA_atras.jpg,Sangarara,Ida,A-13,Fair
vD_vjUkXrPONf4bGnGKtCQ_adelante.jpg,Nestor_Gambetta,Vuelta,56,Fair
gW1cetGYfTc0ECTCMlASHA_atras.jpg,Sangarara,Vuelta,B-6,Fair
o__VSpioLLzvy82kpW6sBQ_adelante.jpg,Nestor_Gambetta,Ida,51,Fair
CAxOnuI9EYQjAoOLpDeGIg_adelante.jpg,Marañon,Ida,UM04,Poor
rhuqeWvQL3o9E1oMxolM2g_adelante.jpg,Nestor_Gambetta,Ida,49,Fair
yv7VMyZEvZVBEaTkDhujNg_adelante.jpg,Gnral_Hoyos_Rubio,Ida,UM-12,Fair
6UB0MnegMBmMJblKturTkA_adelante.jpg,San_Juan,Vuelta,U-02,Poor
RVuHQixIcTKBzPQrXeeMpA_adelante.jpg,Nestor_Gambetta,Vuelta,48,Fair
8IB1qLsNiDtVp-WHw8GNsA_adelante.jpg,La_Revolucion,Ida,UM 10,Fair
mV_H_3VxaHjvjtUvtGilWg_atras.jpg,La_Revolucion,Ida,UM 29,Poor
ll-FwAt9_3yQQiJ3IXsE-w_atras.jpg,San_Juan,Ida,U-05,Very Poor
-hJeBz-45dBHpFoiqfezNQ_adelante.jpg,La_Revolucion,Ida,UM 23,Fair
9z_-hNbF8efea5IxGfKiWQ_atras.jpg,Marañon,Ida,UM04,Poor
TG_njwtkQb53T0gocJ7gaw_adelante.jpg,Nestor_Gambetta,Vuelta,29,Poor
xVrk59jr6QJT0SMqRwU09A_adelante.jpg,Los_Conquistadores,Ida,016,Good
09vD_MMrgwJ8zxWgJSH5KQ_atras.jpg,La_Revolucion,Ida,UM 03,Poor
6rs1STKnrFRqcFGLwAwQoQ_adelante.jpg,Marañon,Ida,UM14,Very Poor
HRhuqFkxO08wz6ZzKEH66Q_atras.jpg,Nestor_Gambetta,Ida,32,Fair
Gvw0-llaQIBj3JiFwwrFvQ_adelante.jpg,Nestor_Gambetta,Ida,43,Poor
v_-IV8-OFB9tRg2kwfVt3Q_atras.jpg,Bertello,Ida,UM-21,Poor
2CA5JF0H2FVOxy6ML6ImQg_atras.jpg,San_Juan,Vuelta,U-08,Poor
-Wj40Yod_G-_5r0_ip82lg_atras.jpg,Nestor_Gambetta,Ida,41,Poor
CmHoOyZCiKQDPwdc6zQqOg_atras.jpg,La_Revolucion,Ida,UM 31,Poor
behrfdUBpiWg-rtRC2DDxQ_atras.jpg,Bertello,Ida,UM-29,Poor
49Kt7qUbCtNrLqlQcGKbew_adelante.jpg,Nestor_Gambetta,Ida,75,Fair
x6UrVK3B-hoAPfwIBJRRrA_adelante.jpg,Nestor_Gambetta,Vuelta,20,Poor
SSLQQzAt7doWgBaqL_AtAw_adelante.jpg,La_Revolucion,Ida,UM 19,Fair
PQu57LXLWsHYfxe03iFMoQ_adelante.jpg,Nestor_Gambetta,Vuelta,68,Very Poor
j8JRjz85Qr2mLaGRxwlhbA_atras.jpg,Nestor_Gambetta,Vuelta,33,Poor
DGk5TYCqdQ0iMsUp0AR0_Q_adelante.jpg,Los_Conquistadores,Ida,005,Good
1sNFjUpWwIrSve-sSGHGwQ_adelante.jpg,Nestor_Gambetta,Ida,9,Fair
qlQ8GFLx9t2VArdwXYONMA_adelante.jpg,Gnral_Hoyos_Rubio,Ida,UM-03,Very Poor
GBBvrReXawGo_npNZImLeg_adelante.jpg,Gnral_Hoyos_Rubio,Ida,UM-08,Very Poor
d3KVkViw0ku3Z5mTpfzdrg_atras.jpg,Sangarara,Ida,A-8,Fair
SHNv5ud6jDWp7EFrMYp9gw_adelante.jpg,Bertello,Ida,UM-31,Very Poor
S0EpChiKuCxUSaaXaeGiuQ_atras.jpg,Carretera_A_Los_Delfines,Ida,UM-37,Poor
YKdKW8ExhNopAdURuqcl4g_atras.jpg,Nestor_Gambetta,Vuelta,51,Fair
HRhuqFkxO08wz6ZzKEH66Q_adelante.jpg,Nestor_Gambetta,Ida,32,Fair
2Kxqywq3ciADKZd7cLGMWw_atras.jpg,Gnral_Hoyos_Rubio,Ida,UM-10,Fair
dpWfbcls94U1A6IKFSIfJg_adelante.jpg,Bertello,Ida,UM-34,Poor
VPwUt8i4ETKaB_LyCjQKOQ_atras.jpg,Los_Conquistadores,Ida,001,Fair
72fcTDkZGM5yW3pJcL4IyQ_atras.jpg,Nestor_Gambetta,Ida,30,Fair
JoLG9bVJ3HvYjFMy4rJOPw_atras.jpg,Carretera_A_Los_Delfines,Ida,UM-31,Fair
QGPLFbr4QpHyPSEUIthY6A_atras.jpg,Nestor_Gambetta,Vuelta,22,Fair
R3F3iJkaPBTTRIZ4t5gHQA_adelante.jpg,Nestor_Gambetta,Ida,14,Fair
Phuc8d53xWzPrMcSK9sbbQ_atras.jpg,Nestor_Gambetta,Ida,61,Fair
Z1ZO38Irp3LYckpxlzluFw_adelante.jpg,San_Juan,Vuelta,U-10,Poor
e_JFE5Ae9tzj52HSMCCumg_atras.jpg,Gnral_Hoyos_Rubio,Ida,UM-07,Very Poor
kvULRXXCdSMl0cNhobLf_Q_adelante.jpg,Nestor_Gambetta,Vuelta,17,Poor
ERnWIalkNAOQjfRDZs8bZw_adelante.jpg,Nestor_Gambetta,Vuelta,20,Poor
ERcxTICvzuKj3aanbaLMRA_atras.jpg,Marañon,Ida,UM20,Poor
hk8Ji3nlmJC3QEUTDmV-rA_adelante.jpg,Nestor_Gambetta,Ida,2,Fair
RW1jR70X-7Ki-NJD-nB-ug_adelante.jpg,La_Revolucion,Ida,UM 28,Fair
LR2wj5kFBLvoq3sIEWy1dQ_atras.jpg,Nestor_Gambetta,Ida,37,Poor
dfE5ONE9nJYcsUCFJ-ASjQ_atras.jpg,Gnral_Hoyos_Rubio,Ida,UM-08,Very Poor
Wf_WkpJXYXw_ShI8U9PrsA_adelante.jpg,Bertello,Ida,UM-02,Fair
yanSYBRZdCr8TklePnP9ug_adelante.jpg,Nestor_Gambetta,Ida,54,Fair
QXfngdUuwsa1tbcIncZ_uQ_adelante.jpg,Nestor_Gambetta,Ida,15,Fair
ZV-U8lGcpxO-BFoknRRRqQ_adelante.jpg,La_Revolucion,Ida,UM 11,Fair
vnvP7q6oYA7FlfMnPZU-PA_atras.jpg,Nestor_Gambetta,Ida,36,Poor
ymP2k9XlLl5quVs537CC2Q_atras.jpg,Nestor_Gambetta,Ida,11,Fair
p8AQxmVQt8wOVY-yV8cKeQ_adelante.jpg,Nestor_Gambetta,Vuelta,35,Poor
LkujqrJhO0hkyCpM3y2ZBA_adelante.jpg,Nestor_Gambetta,Vuelta,52,Fair
WKa6WFcpM-3j-QJffQ-8XQ_adelante.jpg,San_Juan,Ida,U-10,Poor
uX2U5j286J_-NsCaLAQYGg_adelante.jpg,La_Revolucion,Ida,UM 34,Poor
qOtK6OSLYa4-wRYbD_GJ1A_atras.jpg,Bertello,Ida,UM-14,Fair
6tAtJXvrHapaVBXNt9IdsQ_adelante.jpg,Sangarara,Ida,A-8,Fair
qkp2RLcXw9ytWOu42Z9D1w_adelante.jpg,Bertello,Ida,UM-01,Fair
xaomP57RJCKx4MFaYlfOrA_atras.jpg,Nestor_Gambetta,Ida,56,Poor
VEA31lSZIPLzjWaOdUY9Jg_atras.jpg,Nestor_Gambetta,Vuelta,67,Fair
vnvP7q6oYA7FlfMnPZU-PA_adelante.jpg,Nestor_Gambetta,Ida,36,Poor
66GSba0rU_1GxavGeWVWJQ_atras.jpg,Nestor_Gambetta,Ida,70,Fair
kOAWRs2s8KpVUY8jaCgJGg_atras.jpg,Nestor_Gambetta,Ida,60,Poor
H_TkQApvTheYJNefBl2_KQ_adelante.jpg,San_Juan,Ida,U-04,Poor
CeCfjYzjG6z69nbcyScKOw_atras.jpg,Nestor_Gambetta,Vuelta,44,Poor
WOQTDlwbv2oKteEBIBJFVQ_atras.jpg,Nestor_Gambetta,Vuelta,16,Fair
HlUmc_8m8CZ65s8QfsqKZQ_adelante.jpg,Republica_de_Polonia,Ida,UM-06,Fair
V59ku-DH3trbYSoOb3oWAQ_atras.jpg,Sangarara,Ida,A-4,Fair
nhD3q4ZmKDWGXyQUxOK9Xg_atras.jpg,Nestor_Gambetta,Ida,66,Fair
iYImaGxDzb3nJob4hKin5Q_adelante.jpg,Nestor_Gambetta,Vuelta,23,Fair
4uWqPIibReGdBb9OGOW9VQ_atras.jpg,Nestor_Gambetta,Ida,54,Fair
Y3BlEDIJ-EtY3zbCfWoxbQ_adelante.jpg,Nestor_Gambetta,Ida,67,Fair
zzzUIyszqfPcS1EZuQ7Anw_adelante.jpg,Nestor_Gambetta,Ida,59,Poor
tTCrburwm6LJXNx9JD1HAA_adelante.jpg,Marañon,Ida,UM02,Poor
KhIBFOQKD0hTIkU7MRUBnQ_adelante.jpg,Nestor_Gambetta,Ida,22,Fair
_8ZGU6dNyEGrD3IdHw4WAQ_adelante.jpg,Gnral_Hoyos_Rubio,Ida,UM-07,Fair
PVXFWobglfYuCFcx111noA_adelante.jpg,Nestor_Gambetta,Ida,68,Poor
GAz_kSZliIhBMQK2EgTGGA_atras.jpg,Bertello,Ida,UM-22,Fair
fHGpd3GrGb7udiaDv7s7hg_atras.jpg,Los_Conquistadores,Ida,002,Poor
XiNSXEw2gBHb9mSr__43-g_atras.jpg,Nestor_Gambetta,Vuelta,60,Fair
eplpbqbVxP44vz7wgnBBDw_adelante.jpg,Nestor_Gambetta,Vuelta,2,Fair
pF2WLCqUGK05BS4sUt2V8Q_atras.jpg,La_Revolucion,Ida,UM 28,Fair
wlaOlJmFjNZt7Udgrn_ngg_adelante.jpg,Nestor_Gambetta,Ida,35,Poor
t64Dd3jg8ZECbXyYLpuTUw_atras.jpg,Republica_de_Polonia,Vuelta,UM-16,Good
ekOwSmbzzO6khF1OFSO0rQ_adelante.jpg,Nestor_Gambetta,Vuelta,37,Fair
pDOFq7EJ_FkTDNEW7YRpBw_adelante.jpg,Bertello,Ida,UM-23,Good
Hsyzfe4nNAoiRHAPIyXAcg_adelante.jpg,Nestor_Gambetta,Ida,23,Fair
ZY3rL97_G54cwGOVoK7F1g_atras.jpg,Nestor_Gambetta,Vuelta,74,Fair
a7pSe5xaHJMghnpVKeVBLA_adelante.jpg,Nestor_Gambetta,Vuelta,22,Fair
4gIl6TLrTCnF8mbSbtyv8w_adelante.jpg,Nestor_Gambetta,Vuelta,36,Poor
BMsPub4RungfID79B_vXlQ_atras.jpg,San_Juan,Ida,U-10,Poor
6UB0MnegMBmMJblKturTkA_atras.jpg,San_Juan,Vuelta,U-02,Poor
JlKyKl7f2dhj15B2Y7wRIA_atras.jpg,Nestor_Gambetta,Vuelta,65,Fair
8M1yNv-_ga6BIJRzNrcFBA_adelante.jpg,Nestor_Gambetta,Ida,25,Poor
dwkQhNYF9MsFp2I0CjKGZg_adelante.jpg,Bertello,Ida,UM-07,Poor
OeUTJ0-Gnb3yiQNY7XSUxg_adelante.jpg,Nestor_Gambetta,Vuelta,58,Fair
u39TxRPqQ4CZf_f-F4U-JA_adelante.jpg,San_Juan,Ida,U-05,Poor
8-bHazXTFeVWaZQM_5PYJQ_atras.jpg,San_Juan,Ida,U-11,Fair
gdZXf35ciq4II_rDpUqnXg_adelante.jpg,Carretera_A_Los_Delfines,Ida,UM-37,Poor
xWlixOMhgdMY3v0_uKy4gQ_atras.jpg,La_Revolucion,Ida,UM 23,Fair
d9Ulbk-y4YjsyS9cOSWT1A_adelante.jpg,La_Revolucion,Ida,UM 01,Fair
72fcTDkZGM5yW3pJcL4IyQ_adelante.jpg,Nestor_Gambetta,Ida,30,Fair
ha0GcdU0GCNp1zIh1vSKxQ_atras.jpg,La_Revolucion,Ida,UM 37,Fair
xqI1P7vhnO2wg9BiQxaiNQ_atras.jpg,Nestor_Gambetta,Ida,63,Fair
JZa5ZOkM1vaoFArqQzeH4A_atras.jpg,Nestor_Gambetta,Vuelta,45,Poor
1Djk_8X3Gw9fwZrXm2wQzA_atras.jpg,Nestor_Gambetta,Vuelta,41,Poor
gWruQEs7C9KMpgx0qapKtg_adelante.jpg,La_Revolucion,Ida,UM 36,Fair
fNwizch46s95v2AYotCXcQ_atras.jpg,San_Juan,Vuelta,U-01,Fair
5H9doH3RR_aIcq-NboNa3Q_atras.jpg,Nestor_Gambetta,Ida,48,Poor
Q5q-I_ifNrBONfY-f44HvQ_atras.jpg,San_Juan,Ida,U-06,Poor
XqWws_sXWNmXL_hqR-D_jQ_adelante.jpg,Nestor_Gambetta,Ida,4,Fair
7JDnmI4cMWNVka0xct7DBw_atras.jpg,Gnral_Hoyos_Rubio,Ida,UM-05,Very Poor
7t56XyrVQbTieww2BGVZhg_atras.jpg,Nestor_Gambetta,Vuelta,26,Fair
PF7WA0jAeNhRfJVWnTOWpg_atras.jpg,Nestor_Gambetta,Vuelta,13,Fair
B8-1_K0uQMabfOAcncL0LA_atras.jpg,Nestor_Gambetta,Vuelta,7,Fair
gwn1utWI87qXFrGOaMsOlw_atras.jpg,Nestor_Gambetta,Ida,44,Poor
LdTU2CnZCPrCrb1W7ZzAMw_adelante.jpg,Republica_de_Polonia,Vuelta,UM-19,Good
edBjlJzq8bqo2cKjGbT_FA_adelante.jpg,Gnral_Hoyos_Rubio,Ida,UM-09,Fair
JWWDh-dOlL-rl-Mm5WTS4Q_adelante.jpg,Nestor_Gambetta,Ida,13,Fair
eFEFWpEZ4XyGFrNQYfAQaA_adelante.jpg,Nestor_Gambetta,Vuelta,72,Fair
Ic-Je1biQP2GvjHrHaP27g_adelante.jpg,Nestor_Gambetta,Ida,48,Poor
X8dTJGwwl7Sb6TeSinZPUQ_atras.jpg,Nestor_Gambetta,Vuelta,43,Poor
IvEiICsPEZ8_-PZ_28L3zw_atras.jpg,Nestor_Gambetta,Vuelta,44,Poor
ceZz7x0WcfVpaLFgnFmn8A_atras.jpg,Nestor_Gambetta,Vuelta,5,Fair
FyaWCGenfArB7pKlpxHRcA_atras.jpg,Bertello,Ida,UM-21,Very Poor
pd3eHe4GbYsI6dJ1OdihxA_atras.jpg,Republica_de_Polonia,Ida,UM-10,Poor
qLY5VdN1WSSfSDRJtXBVNQ_adelante.jpg,Nestor_Gambetta,Ida,57,Poor
HFgaKlAc8Z5CK7vjOFYNDg_adelante.jpg,Nestor_Gambetta,Vuelta,13,Fair
EQm8ZqBACrYLpvAUqoBa3A_adelante.jpg,Bertello,Ida,UM-35,Very Poor
xqI1P7vhnO2wg9BiQxaiNQ_adelante.jpg,Nestor_Gambetta,Ida,63,Poor
0mZxVYZr33P2DY9GS5jwEg_adelante.jpg,Carretera_A_Los_Delfines,Ida,UM-07,Poor
UBB-TkjsdZiqVDOt4NTzhA_atras.jpg,Marañon,Ida,UM06,Poor
ZkmDtF9I6EpMke1lIEuZzA_atras.jpg,La_Revolucion,Ida,UM 34,Poor
07ESvKJ-iqBi2ZY74951gw_adelante.jpg,Marañon,Ida,UM01,Poor
VPwUt8i4ETKaB_LyCjQKOQ_adelante.jpg,Los_Conquistadores,Ida,001,Fair
58xRm5yBn_dHhnS7svd17Q_atras.jpg,Nestor_Gambetta,Vuelta,61,Poor
_xdtIgB5uTWLfJKJAU3trw_adelante.jpg,La_Revolucion,Ida,UM 33,Very Poor
1tSglSc5aZU-NH_uuGMtkA_adelante.jpg,Nestor_Gambetta,Ida,59,Poor
DGk5TYCqdQ0iMsUp0AR0_Q_atras.jpg,Los_Conquistadores,Ida,005,Good
04UfU8CzATMAhS7Zunlp_g_adelante.jpg,Nestor_Gambetta,Ida,18,Fair
h519ZyuzztF51_diMaZZqA_adelante.jpg,Nestor_Gambetta,Vuelta,38,Fair
WBmizQ131eX_aBvPvYlDeA_adelante.jpg,Republica_de_Polonia,Vuelta,UM-15,Good
srBeln6nM0KzoNxs3GNThQ_adelante.jpg,Nestor_Gambetta,Ida,30,Fair
nUQwLEBJjBHznwEiC5FesQ_atras.jpg,Marañon,Ida,UM16,Very Poor
IW3qStnG-XF7IeUF11TK_w_atras.jpg,Nestor_Gambetta,Ida,8,Fair
Cxc4A_FZv2UVR4PNxEmXYw_adelante.jpg,Gnral_Hoyos_Rubio,Ida,UM-11,Poor
oMqFNuq5GBLexFqtez4USg_adelante.jpg,Nestor_Gambetta,Ida,65,Fair
7JDnmI4cMWNVka0xct7DBw_adelante.jpg,Gnral_Hoyos_Rubio,Ida,UM-05,Very Poor
vzClWYK_KYZUnBXi81UnvQ_adelante.jpg,Carretera_A_Los_Delfines,Ida,UM-73,Fair
f4btWN5FxB3V4LOzf0yCsQ_adelante.jpg,Bertello,Ida,UM-30,Very Poor
6HiYREoG4TtEkJtJ2CnZcA_adelante.jpg,Marañon,Ida,UM24,Poor
gdZXf35ciq4II_rDpUqnXg_atras.jpg,Carretera_A_Los_Delfines,Ida,UM-37,Poor
4zlyh_WeSIp2Fzpr1B3NGg_adelante.jpg,Bertello,Ida,UM-44,Poor
VoV3mCEeVP2IciREybGzJw_atras.jpg,Marañon,Ida,UM02,Poor
xYIe7JWZSUVZRbypHIvYgQ_atras.jpg,Nestor_Gambetta,Ida,26,Fair
58xRm5yBn_dHhnS7svd17Q_adelante.jpg,Nestor_Gambetta,Vuelta,61,Poor
Fucct4yf93e7UAEcq4bzlA_atras.jpg,Nestor_Gambetta,Ida,20,Fair
J8t6GRU-KGZHmX6RFXF6fA_adelante.jpg,Nestor_Gambetta,Vuelta,4,Fair
IBhtB6UKFF_Cg1PRh-03Xw_adelante.jpg,Nestor_Gambetta,Ida,22,Fair
ROgNf9z6V7yWRadbl-26qg_adelante.jpg,Nestor_Gambetta,Vuelta,18,Poor
SxJqWGiaCjYHKchSLbGHPQ_atras.jpg,Sangarara,Ida,A-1,Very Poor
CqJMpxyDSjSsICEeFfxmkA_atras.jpg,Republica_de_Polonia,Ida,UM-01,Fair
hF3YEDX74pX5DxAldQsM-g_atras.jpg,Nestor_Gambetta,Vuelta,21,Fair
9z_-hNbF8efea5IxGfKiWQ_adelante.jpg,Marañon,Ida,UM04,Poor
aiTCrM3ZMFhIYHlyGZKwlA_adelante.jpg,Carretera_A_Los_Delfines,Ida,UM-07,Poor
aPoFVT-Fqagj7lCpDGXu1w_atras.jpg,Nestor_Gambetta,Ida,8,Fair
g6DXumDsHrI8_21SX_1xeQ_atras.jpg,Nestor_Gambetta,Ida,43,Poor
VZfla0wJqmnpvVkjv4bBwg_atras.jpg,Nestor_Gambetta,Vuelta,67,Fair
WrkcCzmz4AMsDWKmpvqwUw_adelante.jpg,Nestor_Gambetta,Vuelta,18,Poor
mYkE4Rhl2zehAxtwFG_e9w_adelante.jpg,Nestor_Gambetta,Ida,37,Poor
oi3dwQZAULLsord3eodMVw_atras.jpg,San_Juan,Ida,U-06,Poor
QWYH631QjQ7vX06Mol6zkA_atras.jpg,Los_Conquistadores,Ida,011,Good
gSYGntylFYcOWYKTN4YrLg_atras.jpg,Nestor_Gambetta,Ida,72,Fair
6uVhAZvcJ_FGU8rOY8xMtQ_adelante.jpg,Bertello,Ida,UM-06,Very Poor
h4YRFHakkSq1HCNzoieU8A_adelante.jpg,Nestor_Gambetta,Vuelta,59,Fair
bkfiu5HlOe4V8FEdWhMlEg_adelante.jpg,Nestor_Gambetta,Ida,50,Poor
8Tc_56qiFGr8O62E4eMuoQ_atras.jpg,Nestor_Gambetta,Vuelta,52,Fair
4726AKMndlOKDP_hCq_J1g_adelante.jpg,La_Revolucion,Ida,UM 26,Fair
zZwBTQgMkyYvSc4Cj9QuNg_atras.jpg,Nestor_Gambetta,Ida,12,Fair
LefwVZ_GKZ_Ea1_0P1IY8w_adelante.jpg,Nestor_Gambetta,Vuelta,30,Fair
rL6WmSECKcgCjlKfQLh_sw_adelante.jpg,La_Revolucion,Ida,UM 10,Fair
Xi1SKVQ9Js4twDhHlyA8AA_atras.jpg,Nestor_Gambetta,Ida,57,Poor
f_qHWRPLWu2ohglwq8SH_Q_atras.jpg,Nestor_Gambetta,Vuelta,8,Fair
WFIuOppuhB3d30kKnV24xA_atras.jpg,San_Juan,Vuelta,U-11,Fair
xrZSldzkSWdGP9LGyg560g_atras.jpg,Nestor_Gambetta,Vuelta,49,Fair
kywsCusIe0hJt37c8Enapw_atras.jpg,Nestor_Gambetta,Ida,42,Poor
C24pdvS9X0YFBYe4RN7fIg_atras.jpg,Los_Conquistadores,Ida,006,Poor
0fX91PiECWmvXVnlvEDQfw_atras.jpg,Bertello,Ida,UM-23,Good
SWlqWbQfw97pebfAlhfHow_adelante.jpg,Nestor_Gambetta,Vuelta,24,Fair
gmq0dfBac9pONsTeyEPfgg_atras.jpg,La_Revolucion,Ida,UM 32,Poor
73M5xUOiLNVN3bkiG2hlnA_adelante.jpg,Bertello,Ida,UM-09,Fair
_lmI1o97AOyzY2ComV4BHQ_adelante.jpg,Gnral_Hoyos_Rubio,Ida,UM-04,Very Poor
mp_hJ6FJOX07PPPBt-kHWg_adelante.jpg,Republica_de_Polonia,Ida,UM-02,Poor
EHD_lIGdnROQhVa6hzQVcA_atras.jpg,Nestor_Gambetta,Vuelta,23,Fair
7och-9P-sD3JEQV8_Hy3dg_adelante.jpg,Nestor_Gambetta,Vuelta,15,Fair
BaPDmRm8KJnhbC-2TyFY0w_atras.jpg,Bertello,Ida,UM-34,Very Poor
mp_hJ6FJOX07PPPBt-kHWg_atras.jpg,Republica_de_Polonia,Ida,UM-02,Poor
Rb-0y6bGT6jmTQLixXWe_A_atras.jpg,Nestor_Gambetta,Vuelta,71,Fair
ll-FwAt9_3yQQiJ3IXsE-w_adelante.jpg,San_Juan,Ida,U-05,Poor
ti3KPCkG8qylGI4ro-pTIw_atras.jpg,Nestor_Gambetta,Vuelta,38,Fair
UrEqgqIokBQx39Y_PjRECg_adelante.jpg,Nestor_Gambetta,Ida,10,Fair
RGs54ezGvnD83N0Ibyo7bg_atras.jpg,Nestor_Gambetta,Ida,15,Fair
RSZ0vABHWa74C0dv6v7tDw_adelante.jpg,La_Revolucion,Ida,UM 20,Fair
Y5HkkD5FfhRZTj_kHO3gmQ_adelante.jpg,San_Juan,Vuelta,U-08,Poor
a9pbStUM_Opl1GgUsvm9CQ_atras.jpg,Nestor_Gambetta,Ida,75,Fair
C24pdvS9X0YFBYe4RN7fIg_adelante.jpg,Los_Conquistadores,Ida,006,Poor
pSsk7l1NjqKnnRf9viV2AQ_atras.jpg,Nestor_Gambetta,Ida,56,Poor
ob6qgJdEXQn8opVuWSVrHg_adelante.jpg,Bertello,Ida,UM-45,Fair
XQX9tQOtb408_QHOcYRmuA_adelante.jpg,La_Revolucion,Ida,UM 01,Fair
468NlJNWyBApZ0Y6CNPjUA_adelante.jpg,La_Revolucion,Ida,UM 02,Very Poor
joEgSAkoJ5ZNchOqHAkemQ_adelante.jpg,Nestor_Gambetta,Ida,13,Fair
pKq58MSncGCjhFLpMreQgw_atras.jpg,Nestor_Gambetta,Ida,30,Fair
rE6enCO9MuZ19ao_489aOA_adelante.jpg,La_Revolucion,Ida,UM 26,Fair
AmuT5kCSHc_y4fTR08_gxA_adelante.jpg,Nestor_Gambetta,Ida,2,Fair
fn2MODioULYr1RjA9V0RPg_atras.jpg,Bertello,Ida,UM-03,Poor
ID9U3jJ9L64d-JFx5rwqgA_atras.jpg,Nestor_Gambetta,Vuelta,24,Fair
jwQmWgrlJLllLWpDnRT3ug_adelante.jpg,Nestor_Gambetta,Vuelta,63,Fair
kA9Ath7HuIonFJIJjKnbgA_atras.jpg,La_Revolucion,Ida,UM 25,Poor
inDMUA0jSU_p-WmA-8FwRA_atras.jpg,San_Juan,Vuelta,U-09,Poor
srBeln6nM0KzoNxs3GNThQ_atras.jpg,Nestor_Gambetta,Ida,30,Fair
c2SzLdwrDKv_835KC3k_9w_atras.jpg,Sangarara,Vuelta,B-14,Fair
doskWorSNARw33LLvYZciQ_atras.jpg,Bertello,Ida,UM-29,Poor
k8dpJYot_2agYBOcjp4_uw_adelante.jpg,Nestor_Gambetta,Ida,27,Fair
mV_H_3VxaHjvjtUvtGilWg_adelante.jpg,La_Revolucion,Ida,UM 29,Poor
D0ageXAwbEM5TpmYOps0vQ_atras.jpg,Bertello,Ida,UM-35,Very Poor
ugLTsbNjE9_17n3-pgp80A_adelante.jpg,Nestor_Gambetta,Ida,70,Fair
f2Bg4Bt5EDW_uaJO-ypsVA_atras.jpg,Nestor_Gambetta,Vuelta,29,Poor
guYXRq0YgtbkCTeKxBUPdA_atras.jpg,Nestor_Gambetta,Ida,11,Fair
ItrGxfn770uFJ8-1fV1Syw_atras.jpg,Nestor_Gambetta,Vuelta,18,Poor
vu4HYyc3uYJvlHuhOZlSYg_adelante.jpg,Gnral_Hoyos_Rubio,Ida,UM-08,Fair
468NlJNWyBApZ0Y6CNPjUA_atras.jpg,La_Revolucion,Ida,UM 02,Fair
QEgF3YXiXNuSdrZxSasm5Q_atras.jpg,Marañon,Ida,UM08,Poor
WdiRmNzf8yhAr7_lp1wpjQ_atras.jpg,Nestor_Gambetta,Vuelta,9,Fair
Izbj9uDKIK6gSkZgxr9Pvw_atras.jpg,Carretera_A_Los_Delfines,Ida,UM-49,Poor
eezrX2R8is7rT_fSy3zCLw_adelante.jpg,La_Revolucion,Ida,UM 21,Fair
-gaSd7gRoupcVwe6boRsNw_adelante.jpg,Nestor_Gambetta,Vuelta,2,Fair
jyA-0i7OgU7wtFo89pVF7w_adelante.jpg,Nestor_Gambetta,Vuelta,75,Fair
173V64Ge63S6130bKZh4xA_adelante.jpg,Nestor_Gambetta,Vuelta,65,Fair
d3KVkViw0ku3Z5mTpfzdrg_adelante.jpg,Sangarara,Ida,A-8,Fair
c3MVIjwucJfZmLKHoOnqeg_atras.jpg,Nestor_Gambetta,Vuelta,42,Poor
LD12DX99zjn-T_qXoi5rbA_atras.jpg,Republica_de_Polonia,Vuelta,UM-17,Good
66G1-PyWXSyWk3rAB9T8lA_atras.jpg,Nestor_Gambetta,Vuelta,1,Fair
NK0qPgvsjZ8OhD7IffH7AA_atras.jpg,Nestor_Gambetta,Vuelta,75,Fair
lzXDlQQBB3_g4TSWRpsW5g_atras.jpg,Marañon,Ida,UM24,Poor
_qOc460Eq_rrb9Bc5YdX6w_atras.jpg,Nestor_Gambetta,Vuelta,1,Fair
qwQ3tmEux_mEQZAd8q-8gQ_atras.jpg,Nestor_Gambetta,Ida,60,Poor
060X0lBIm3pg1o1HgM7zfw_atras.jpg,Nestor_Gambetta,Vuelta,48,Fair
R3F3iJkaPBTTRIZ4t5gHQA_atras.jpg,Nestor_Gambetta,Ida,14,Fair
ID9U3jJ9L64d-JFx5rwqgA_adelante.jpg,Nestor_Gambetta,Vuelta,24,Fair
Azu1s3EGtV_rKTUV04SowA_adelante.jpg,Nestor_Gambetta,Ida,74,Fair
6uVhAZvcJ_FGU8rOY8xMtQ_atras.jpg,Bertello,Ida,UM-06,Very Poor
6ShyR1zioFvPlN_5avTffA_atras.jpg,Carretera_A_Los_Delfines,Ida,UM-07,Poor
xmZo8HX9k510sclMKM3okg_adelante.jpg,San_Juan,Vuelta,U-05,Fair
ony-qxbjAl9Cncg4K6Nmkw_atras.jpg,Nestor_Gambetta,Vuelta,50,Poor
42bhoZDC2YQ3GfKbkakOFg_adelante.jpg,Nestor_Gambetta,Vuelta,2,Fair
YZJWhiqYl4hw65zRaDNboQ_atras.jpg,Nestor_Gambetta,Vuelta,65,Fair
3F8eXjed5iHcj7Ju40KvEQ_adelante.jpg,Nestor_Gambetta,Ida,39,Poor
jEQvxMK1-1Do3eMxnNdxJQ_adelante.jpg,Carretera_A_Los_Delfines,Ida,UM-13,Poor
o9NA189CNK35ESbqAU9-2Q_atras.jpg,Nestor_Gambetta,Vuelta,56,Fair
fpEaDzPD5rj26JxxKgRS5Q_adelante.jpg,Nestor_Gambetta,Vuelta,25,Fair
SvsatV-JW96wbMcd5JIheA_adelante.jpg,Nestor_Gambetta,Vuelta,18,Poor
K3WB_P-aEeuYpFiGK4eZTg_adelante.jpg,Marañon,Ida,UM10,Poor
Azu1s3EGtV_rKTUV04SowA_atras.jpg,Nestor_Gambetta,Ida,74,Fair
4-LOeWeHoZfPFcJNQa6_YQ_atras.jpg,Nestor_Gambetta,Vuelta,33,Poor
LkujqrJhO0hkyCpM3y2ZBA_atras.jpg,Nestor_Gambetta,Vuelta,52,Fair
wtRAvJVFUc4dt3k47JaGYA_atras.jpg,Nestor_Gambetta,Ida,9,Fair
-ozyMJBtjVKWlsTAkQW3Sw_adelante.jpg,Nestor_Gambetta,Vuelta,33,Poor
NeuXqVQTDpqIn1IbCQb5Dg_atras.jpg,La_Revolucion,Ida,UM 17,Fair
cFQmiaHLrOv2S0CuQZqvPA_adelante.jpg,Gnral_Hoyos_Rubio,Ida,UM-14,Poor
__0vX5kyKKXmA2a3L7B4hA_atras.jpg,San_Juan,Ida,U-09,Poor
3nUPFdjK2HEx4LQt7nMa0A_atras.jpg,La_Revolucion,Ida,UM 16,Fair
i2pObnyF-O7iXw2librvyQ_atras.jpg,Sangarara,Ida,A-7,Fair
uf_vEaCQWDVzkZl8WyK47w_atras.jpg,Bertello,Ida,UM-09,Poor
oTcAleP4lIW-5dpMjDjeow_atras.jpg,Nestor_Gambetta,Ida,45,Fair
JS2GWeNDvsU-Hj8HT-s4iQ_adelante.jpg,Republica_de_Polonia,Ida,UM-07,Poor
MuDjzk-V7aYxXZG9O1BxPg_atras.jpg,Nestor_Gambetta,Vuelta,59,Fair
PtP9XSAu4kYSdwRNrCmH3Q_adelante.jpg,Nestor_Gambetta,Vuelta,43,Poor
czPcGrh3IikYCak3mG3z7w_atras.jpg,La_Revolucion,Ida,UM 31,Poor
WKo55FaXosuX1_cqk9f6Ng_atras.jpg,Nestor_Gambetta,Ida,30,Fair
wv1JMDfYzPrguXwl3bfImA_adelante.jpg,Republica_de_Polonia,Vuelta,UM-22,Good
Q4_ER-S7dd4gjWLM2tnH2A_adelante.jpg,Nestor_Gambetta,Ida,53,Fair
z8LQgu-0bYxPtDb_tn9csQ_adelante.jpg,Los_Conquistadores,Ida,001,Fair
UA90hmsaBB8zg0FiFLvuOQ_adelante.jpg,La_Revolucion,Ida,UM 35,Fair
C9ivMNGXZOLboUGPynP4oQ_adelante.jpg,La_Revolucion,Ida,UM 07,Fair
2ix3g1IH4o4SOC7BIpn41g_atras.jpg,San_Juan,Ida,U-04,Poor
vLpd3Q3Podpsu0g40_BArQ_adelante.jpg,Los_Conquistadores,Ida,012,Very Poor
ToYsK7MgLx-jZpi6UpQPlQ_atras.jpg,Nestor_Gambetta,Ida,67,Fair
MqQsxcIBm4FoaLizWGXFiQ_adelante.jpg,Nestor_Gambetta,Vuelta,10,Fair
fi9fMxA8WzRx1sIo-PEHDA_atras.jpg,Nestor_Gambetta,Ida,4,Fair
5kuormKpbex2aW2_qumnvg_atras.jpg,Bertello,Ida,UM-04,Fair
2-ZkGqfsUhi5wUo6EYtlaA_atras.jpg,Bertello,Ida,UM-07,Poor
LR2wj5kFBLvoq3sIEWy1dQ_adelante.jpg,Nestor_Gambetta,Ida,37,Poor
57nwUy8-yT3ihDPzBlnX_w_atras.jpg,Nestor_Gambetta,Ida,73,Fair
gGjS-zq2YrEy0-36uV5b2w_adelante.jpg,Nestor_Gambetta,Ida,64,Poor
qLY5VdN1WSSfSDRJtXBVNQ_atras.jpg,Nestor_Gambetta,Ida,57,Poor
8E4bP0WDd2D4H8nM9OeKFw_adelante.jpg,Nestor_Gambetta,Ida,64,Poor
8eS_Kb4TYC7wvu00XSqQVA_adelante.jpg,Nestor_Gambetta,Ida,42,Poor
ET048bfAaXDDtvwdtUDgfw_adelante.jpg,La_Revolucion,Ida,UM 18,Fair
PpUO5g--gAurEgnDGScHIw_adelante.jpg,Nestor_Gambetta,Ida,73,Fair
8AzEiv7NUJUyneAPgMi7GQ_adelante.jpg,Nestor_Gambetta,Vuelta,12,Fair
K-puvo-R4N-8dEsTWihNSg_atras.jpg,Bertello,Ida,UM-05,Very Poor
uz5IrpS3-5lgMP5QXIFH6w_adelante.jpg,Marañon,Ida,UM10,Poor
lz7RHO0WDrDzOVwcCbv_Kg_atras.jpg,Bertello,Ida,UM-06,Very Poor
jiBa1jzADUkNla-m3RWGqQ_atras.jpg,San_Juan,Ida,U-04,Poor
_TMJKtXXDeEzX57e20nF4A_atras.jpg,Nestor_Gambetta,Ida,12,Fair
fX8S8lAwP4m3cOoPtESiDw_adelante.jpg,Nestor_Gambetta,Ida,52,Fair
NFx0S46MDlN3c5OMTBtutA_atras.jpg,Nestor_Gambetta,Vuelta,32,Fair
7MFwV8VwsMqLmKFFCUt4NA_adelante.jpg,Nestor_Gambetta,Vuelta,47,Fair
5kuormKpbex2aW2_qumnvg_adelante.jpg,Bertello,Ida,UM-04,Fair
JvqiyW_px_UdkYD87qeZkw_atras.jpg,Republica_de_Polonia,Ida,UM-07,Poor
u8U-dpN4jlRlQIvm3CWCeA_atras.jpg,Nestor_Gambetta,Ida,9,Fair
JPOcgyjbVLK0EYvpeh0iNw_atras.jpg,Nestor_Gambetta,Ida,9,Fair
04ercsACp2q_rKZKkXZxag_adelante.jpg,Nestor_Gambetta,Vuelta,17,Poor
NsIVUy5DaPmnS8gXB5greg_atras.jpg,Marañon,Ida,UM11,Poor
f2N9z215u57E3Rk9_cFViQ_atras.jpg,Nestor_Gambetta,Ida,26,Fair
b-mvEJ2SXfFHoYos6Xv9eg_atras.jpg,San_Juan,Ida,U-06,Poor
OPakRco4f5yIWHWVX_khjg_adelante.jpg,Republica_de_Polonia,Ida,UM-09,Poor
WnV-iyT9CXohz9IqMtbnfQ_adelante.jpg,Nestor_Gambetta,Vuelta,29,Poor
p_fxZeauBESBx_Pg-qpbLw_adelante.jpg,Bertello,Ida,UM-43,Very Poor
XEdoiiuS9UQ6rSmAMSpnvA_atras.jpg,Sangarara,Ida,A-1,Very Poor
V6jZ9m7SjOI1yoegFCezlA_atras.jpg,Bertello,Ida,UM-13,Fair
qlQ8GFLx9t2VArdwXYONMA_atras.jpg,Gnral_Hoyos_Rubio,Ida,UM-03,Very Poor
NkEbQ3xBjBXubdOGDEuoBw_atras.jpg,Marañon,Ida,UM25,Very Poor
-ia3m9gwgSg_GBkNlwdmyw_adelante.jpg,San_Juan,Ida,U-09,Poor
CcmRSwMU-ilr13kQXTHc3g_atras.jpg,Nestor_Gambetta,Vuelta,61,Poor
fGQqaxy0F4ZxHerrT7rqvw_adelante.jpg,Gnral_Hoyos_Rubio,Ida,UM-12,Fair
8E4bP0WDd2D4H8nM9OeKFw_atras.jpg,Nestor_Gambetta,Ida,64,Poor
Wqcs817heERjQFEk8MrujQ_atras.jpg,Nestor_Gambetta,Vuelta,66,Fair
UA90hmsaBB8zg0FiFLvuOQ_atras.jpg,La_Revolucion,Ida,UM 35,Fair
5xwO01DwS9DELBcrr-akow_adelante.jpg,La_Revolucion,Ida,UM 29,Poor
JlKyKl7f2dhj15B2Y7wRIA_adelante.jpg,Nestor_Gambetta,Vuelta,65,Fair
jZFGV8H0UP3f7-mmg8fFog_adelante.jpg,La_Revolucion,Ida,UM 27,Poor
UouHynLVfiZBBl7Su1Yktw_adelante.jpg,Nestor_Gambetta,Vuelta,25,Fair
rVg37Gd3Y2FKipKS_SHCYw_atras.jpg,San_Juan,Vuelta,U-06,Poor
YeAahZirm-eXbBaoeKU2Jg_atras.jpg,Nestor_Gambetta,Ida,63,Poor
RusUnrUILj0dZgjueWjqSg_atras.jpg,Nestor_Gambetta,Ida,47,Poor
ijT1_4h93Qh8uH_By_KvKA_adelante.jpg,Marañon,Ida,UM01,Poor
wlaOlJmFjNZt7Udgrn_ngg_atras.jpg,Nestor_Gambetta,Ida,35,Poor
OeUTJ0-Gnb3yiQNY7XSUxg_atras.jpg,Nestor_Gambetta,Vuelta,58,Fair
iRBpNxJMr1YFpP9Ve3OGdw_atras.jpg,Sangarara,Vuelta,B-9,Poor
Wf-C2Wh5SrnyJqb0B1t2hQ_adelante.jpg,Nestor_Gambetta,Ida,14,Fair
_D7cC0ou-0Sdsi5UWi3SLw_atras.jpg,Sangarara,Ida,A-10,Fair
pJ7JJbwCvtKRenJqnxmQ7A_adelante.jpg,Nestor_Gambetta,Vuelta,46,Fair
upGAoxzNHerKgoxn_xQU9g_adelante.jpg,La_Revolucion,Ida,UM 01,Fair
9-QqKGS2GUidviHDzGRaMw_atras.jpg,Nestor_Gambetta,Vuelta,73,Fair
0CVuloKRNTnKM2Rbv_jM2A_atras.jpg,Nestor_Gambetta,Vuelta,32,Fair
Rv7UWFzUs1G8Ti8Agh3YjA_adelante.jpg,Nestor_Gambetta,Ida,48,Poor
-zQiqQvrLdyfHCRpr7-vaQ_atras.jpg,Carretera_A_Los_Delfines,Ida,UM-31,Fair
rXTSfxV3IkHMudSejsaieg_adelante.jpg,Bertello,Ida,UM-37,Poor
r73M9_VvANLJZc2akjyYSQ_atras.jpg,Nestor_Gambetta,Vuelta,49,Fair
3A4bne04PhNEgNg6WiwxuA_atras.jpg,Nestor_Gambetta,Ida,29,Fair
bg0oQs-eMdeRrbENKi251w_adelante.jpg,Nestor_Gambetta,Ida,34,Fair
XybDO6lbPMCS7Dyobu7Nsw_atras.jpg,Nestor_Gambetta,Vuelta,17,Poor
rRaWOdyrybAVMxJBMDretQ_adelante.jpg,Sangarara,Vuelta,B-9,Poor
E9GjLDyhoBsQhDW3AR0npw_atras.jpg,Nestor_Gambetta,Vuelta,39,Poor
ROrQWHpDa0i2tEe-xghdxg_adelante.jpg,Los_Conquistadores,Ida,011,Good
RSHCI-jk6w0iJuV5dGGlXg_adelante.jpg,La_Revolucion,Ida,UM 28,Fair
rhUyXMJK6ZzqgwCtYNXk3g_adelante.jpg,Nestor_Gambetta,Vuelta,1,Fair
fD7U1QkTcj9mbFTlQ7_jEg_adelante.jpg,Republica_de_Polonia,Vuelta,UM-18,Good
a3T8Y66e6sTluZa1zuENuA_adelante.jpg,La_Revolucion,Ida,UM 18,Fair
YKdKW8ExhNopAdURuqcl4g_adelante.jpg,Nestor_Gambetta,Vuelta,51,Fair
-EF2eOIrsjNVeIXKEsbp5g_atras.jpg,La_Revolucion,Ida,UM 11,Fair
kSmWeeqhFz2dB1ICJoC6qg_adelante.jpg,Los_Conquistadores,Ida,005,Good
dk2ER4Rg8kV0xifiopeUAQ_adelante.jpg,La_Revolucion,Ida,UM 06,Fair
OX5oGdp_SEH42PE5WO5HrA_adelante.jpg,Bertello,Ida,UM-30,Poor
V4g9kjVEets9hKvmVoOVvw_adelante.jpg,Marañon,Ida,UM08,Poor
6H__8_w2HQZ2WKlV-zd5PQ_atras.jpg,Gnral_Hoyos_Rubio,Ida,UM-01,Fair
CqMqAWobDsB7hMbwuqfyww_adelante.jpg,Marañon,Ida,UM03,Poor
zDUcEr3ek8V7iSWYpBtPYQ_atras.jpg,Nestor_Gambetta,Ida,70,Fair
P7f9ZvOxKnw3EjoeS-uNWg_adelante.jpg,Sangarara,Vuelta,B-13,Fair
k983dZqnrYhChuBj3KYhEg_adelante.jpg,La_Revolucion,Ida,UM 04,Fair
8IamC9E7EM9dBSJfQajhaw_adelante.jpg,Carretera_A_Los_Delfines,Ida,UM-61,Poor
9rue9t1BxnL8fVSDq47uMw_adelante.jpg,Sangarara,Vuelta,B-1,Fair
CmHoOyZCiKQDPwdc6zQqOg_adelante.jpg,La_Revolucion,Ida,UM 31,Poor
HwBgxyIwXBvG2CZlag2TmA_adelante.jpg,Nestor_Gambetta,Ida,45,Fair
v2_acJCgQvJPmGVRYirF6g_atras.jpg,Nestor_Gambetta,Vuelta,74,Fair
x1_-qDlG3YMlzFh-XTCKEQ_adelante.jpg,Nestor_Gambetta,Ida,55,Poor
VRsR7Znq0xa2ZCs2OBXjBQ_atras.jpg,Nestor_Gambetta,Ida,53,Fair
g9oy0wFzDvepTesJVzus7Q_atras.jpg,La_Revolucion,Ida,UM 31,Poor
spfnECDolZ12dBcjd9TSVw_atras.jpg,San_Juan,Vuelta,U-11,Fair
HtHYiDJPYAp4nz2_8EqsUQ_adelante.jpg,Nestor_Gambetta,Vuelta,62,Fair
eu_shs5lGJhkxYN5A6QH8w_adelante.jpg,La_Revolucion,Ida,UM 30,Poor
FBAJReX-njol3wR5sZGpRw_atras.jpg,Bertello,Ida,UM-40,Poor
i_VOzpFHDPxP559koy8FYw_adelante.jpg,Bertello,Ida,UM-34,Poor
k983dZqnrYhChuBj3KYhEg_atras.jpg,La_Revolucion,Ida,UM 04,Fair
x6CWBy6eyZJFwaUeuPzn_g_adelante.jpg,La_Revolucion,Ida,UM 31,Poor
wJT0uMucxlp7Yw4jVO1Zyw_adelante.jpg,Gnral_Hoyos_Rubio,Ida,UM-12,Fair
yyqUhMGFyN-YXT19D3p45g_atras.jpg,La_Revolucion,Ida,UM 06,Fair
f_Z3UJd9qVH3dqPw6Akb9A_adelante.jpg,Nestor_Gambetta,Vuelta,40,Poor
Y442BF199VRk4Q1C0zaUXw_atras.jpg,Nestor_Gambetta,Ida,43,Poor
zYJi7MgyB8I6P7wxeae8BQ_adelante.jpg,Nestor_Gambetta,Vuelta,72,Fair
